-- MySQL dump 10.13  Distrib 5.6.17, for Win64 (x86_64)
--
-- Host: localhost    Database: becap_db
-- ------------------------------------------------------
-- Server version	5.6.17

/*!40101 SET @OLD_CHARACTER_SET_CLIENT=@@CHARACTER_SET_CLIENT */;
/*!40101 SET @OLD_CHARACTER_SET_RESULTS=@@CHARACTER_SET_RESULTS */;
/*!40101 SET @OLD_COLLATION_CONNECTION=@@COLLATION_CONNECTION */;
/*!40101 SET NAMES utf8 */;
/*!40103 SET @OLD_TIME_ZONE=@@TIME_ZONE */;
/*!40103 SET TIME_ZONE='+00:00' */;
/*!40014 SET @OLD_UNIQUE_CHECKS=@@UNIQUE_CHECKS, UNIQUE_CHECKS=0 */;
/*!40014 SET @OLD_FOREIGN_KEY_CHECKS=@@FOREIGN_KEY_CHECKS, FOREIGN_KEY_CHECKS=0 */;
/*!40101 SET @OLD_SQL_MODE=@@SQL_MODE, SQL_MODE='NO_AUTO_VALUE_ON_ZERO' */;
/*!40111 SET @OLD_SQL_NOTES=@@SQL_NOTES, SQL_NOTES=0 */;

--
-- Table structure for table `becas`
--

DROP TABLE IF EXISTS `becas`;
/*!40101 SET @saved_cs_client     = @@character_set_client */;
/*!40101 SET character_set_client = utf8 */;
CREATE TABLE `becas` (
  `ID_Beca` int(11) NOT NULL AUTO_INCREMENT,
  `Nombre_Beca` varchar(250) DEFAULT NULL,
  `ID_Escuela` int(11) DEFAULT NULL,
  `ID_Organizacion` int(11) DEFAULT NULL,
  `Nivel_Estudio` varchar(30) DEFAULT NULL,
  `Estatus_Alumno` varchar(50) DEFAULT NULL,
  `Promedio_Acceso` varchar(100) DEFAULT NULL,
  `Promedio_Mantener` varchar(100) DEFAULT NULL,
  `Estudio_Socioeco` tinyint(1) DEFAULT NULL,
  `Examen_Admision` varchar(100) DEFAULT NULL,
  `Puntaje` varchar(100) DEFAULT NULL,
  `Descripcion_Beca` varchar(300) DEFAULT NULL,
  `Requisitos_Espe` varchar(300) DEFAULT NULL,
  `Contacto` varchar(300) DEFAULT NULL,
  `Telefono` varchar(300) DEFAULT NULL,
  `Link_Beca` varchar(300) DEFAULT NULL,
  `Link2_Beca` varchar(300) DEFAULT NULL,
  PRIMARY KEY (`ID_Beca`),
  KEY `ID_Organizacion_idx` (`ID_Organizacion`),
  KEY `ID_Escuela_idx` (`ID_Escuela`),
  CONSTRAINT `ID_Escuela` FOREIGN KEY (`ID_Escuela`) REFERENCES `escuelas` (`ID_Escuela`) ON DELETE NO ACTION ON UPDATE CASCADE,
  CONSTRAINT `ID_Organizacion` FOREIGN KEY (`ID_Organizacion`) REFERENCES `organizaciones` (`ID_Organizacion`) ON DELETE NO ACTION ON UPDATE CASCADE
) ENGINE=InnoDB AUTO_INCREMENT=330 DEFAULT CHARSET=utf8;
/*!40101 SET character_set_client = @saved_cs_client */;

--
-- Dumping data for table `becas`
--

LOCK TABLES `becas` WRITE;
/*!40000 ALTER TABLE `becas` DISABLE KEYS */;
INSERT INTO `becas` VALUES (1,'Distinción al talento académico',1,6,'Profesional','Primer ingreso','90','85',0,'PAEP','1400','Servicio Becario','Aplica a nivel nacional','Apoyosfinancieros@itesm.mx','83582000 Ext 3505-09','http://admision.itesm.mx/apoyos-financieros-y-becas','http://becas.mty.itesm.mx/nuevoingreso-01otras.aspx\r'),(2,'Distinción al talento académico',1,6,'Profesional','Primer ingreso','90','85',0,'PAEP','1400','Servicio Becario','Aplica a nivel nacional','apoyosfinancieros@itesm.mx','83582001 Ext 3505-09','http://admision.itesm.mx/apoyos-financieros-y-becas','http://becas.mty.itesm.mx/nuevoingreso-01otras.aspx\r'),(3,'Distinción al talento académico',1,6,'Profesional','Primer ingreso','90','85',0,'PAEP','1400','Servicio Becario','Aplica a nivel nacional','apoyosfinancieros@itesm.mx','83582002 Ext 3505-09','http://admision.itesm.mx/apoyos-financieros-y-becas','http://becas.mty.itesm.mx/nuevoingreso-01otras.aspx\r'),(4,'Distinción al talento académico',1,6,'Profesional','Primer ingreso','90','85',0,'PAEP','1400','Servicio Becario','Aplica a nivel nacional','apoyosfinancieros@itesm.mx','83582003 Ext 3505-09','http://admision.itesm.mx/apoyos-financieros-y-becas','http://becas.mty.itesm.mx/nuevoingreso-01otras.aspx\r'),(5,'Beca líderes del mañana',1,6,'Profesional','Primer ingreso','90','85',1,'PAEP','1400','Servicio Becario','Aplica a nivel nacional e incluye SGMM','lideresdelmanana@servicios.itesm.mx','83582004 Ext 3505-09','http://admision.itesm.mx/apoyos-financieros-y-becas','http://becas.mty.itesm.mx/nuevoingreso-01.aspx\r'),(6,'Beca socioeconómica',1,6,'Profesional','Primer ingreso','85','85',0,'PAEP','1300','Servicio Becario','Alumnos nuevos actuales','Apoyosfinancieros@itesm.mx','83582000 Ext 3505-09','http://admision.itesm.mx/apoyos-financieros-y-becas','http://becas.mty.itesm.mx/nuevoingreso-02otras.aspx\r'),(7,'Becas disciplinares LEC LPO LCMD LLE',1,6,'Profesional','Primer ingreso','85','85',0,'PAEP','1400','Ensayo','Primer lugar  alumnos de 1er ingreso','mmendiol@itesm.mx','','http://admision.itesm.mx/apoyos-financieros-y-becas','http://becasdisciplinares.mty.itesm.mx/\r'),(8,'Becas disciplinares LEC LPO LCMD LLE',1,6,'Profesional','Primer ingreso','85','85',0,'PAEP','1400','Ensayo','Segundo lugar alumnos de 1er ingreso','becaletras.mty@itesm.mx','','http://admision.itesm.mx/apoyos-financieros-y-becas','http://becasdisciplinares.mty.itesm.mx/\r'),(9,'Becas disciplinares INCQ IIA',1,6,'Profesional','Primer ingreso','85','85',0,'PAEP','1400','Ensayo','Primer lugar alumnos de 1er ingreso','becaletras.mty@itesm.mx','','http://admision.itesm.mx/apoyos-financieros-y-becas','http://becasdisciplinares.mty.itesm.mx/\r'),(10,'Becas disciplinares INCQ IIA',1,6,'Profesional','Primer ingreso','85','85',0,'PAEP','1400','Ensayo','Segundo lugar alumnos de 1er ingreso','mmd@itesm.mx','','http://admision.itesm.mx/apoyos-financieros-y-becas','http://becasdisciplinares.mty.itesm.mx/\r'),(11,'Becas disciplinares MO LNB LP LPS',1,6,'Profesional','Primer ingreso','85','85',0,'PAEP','1400','Ensayo','Primer lugar alumnos de 1er ingreso','jlmontes@itesm.mx','','http://admision.itesm.mx/apoyos-financieros-y-becas','http://becasdisciplinares.mty.itesm.mx/\r'),(12,'Becas disciplinares MO LNB LP LPS',1,6,'Profesional','Primer ingreso','85','85',0,'PAEP','1400','Ensayo','Segundo lugar alumnos de 1er ingreso','carlos.gabriel.puente@itesm.mx','','http://admision.itesm.mx/apoyos-financieros-y-becas','http://becasdisciplinares.mty.itesm.mx/\r'),(13,'Becas disciplinares ARQ LAD  LDI',1,6,'Profesional','Primer ingreso','85','85',0,'PAEP','1400','Ensayo Curriculo Portafolio','Primer lugar alumnos de 1er ingreso','','','http://admision.itesm.mx/apoyos-financieros-y-becas','http://becasdisciplinares.mty.itesm.mx/\r'),(14,'Becas disciplinares ARQ LAD  LDI',1,6,'Profesional','Primer ingreso','85','85',0,'PAEP','1400','Ensayo Curriculo Portafolio','Segundo lugar alumnos de 1er ingreso','','','http://admision.itesm.mx/apoyos-financieros-y-becas','http://becasdisciplinares.mty.itesm.mx/\r'),(15,'Becas disciplinares IQP IDS IID ISD',1,6,'Profesional','Primer ingreso','85','85',0,'PAEP','1400','Ensayo','Primer lugar alumnos de 1er ingreso','becas.ingenieria.mty@itesm.mx','','http://admision.itesm.mx/apoyos-financieros-y-becas','http://becasdisciplinares.mty.itesm.mx/\r'),(16,'Becas disciplinares IQP IDS IID ISD',1,6,'Profesional','Primer ingreso','85','85',0,'PAEP','1400','Ensayo','Segundo lugar alumnos de 1er ingreso','becas.ingenieria.mty@itesm.mx','','http://admision.itesm.mx/apoyos-financieros-y-becas','http://becasdisciplinares.mty.itesm.mx/\r'),(17,'Becas Gallagher',1,6,'Profesional','Primer ingreso','95','95',1,'PAEP','1400','Ensayo Curriculo ','Alumnos de 1er ingreso Entrevista con la fundación','becas.mty@itesm.mx','','http://admision.itesm.mx/apoyos-financieros-y-becas','http://becas.mty.itesm.mx/nuevoingreso-03otras.aspx\r'),(18,'Becas al talento deportivo (BTD)',1,6,'Profesional','Primer ingreso','80','75',0,'PAEP','1200','Fútbol Varonil y femenil','','alejandra.delgado@tesm.mx','','http://admision.itesm.mx/apoyos-financieros-y-becas','http://becas.mty.itesm.mx/nuevoingreso-06otras.aspx\r'),(19,'Becas al talento musical (BTM)',1,6,'Profesional','Primer ingreso','80','80',0,'PAEP','1200','Musical','','hazael@itesm.mx','','http://admision.itesm.mx/apoyos-financieros-y-becas','http://becas.mty.itesm.mx/nuevoingreso-07otras.aspx\r'),(20,'Becas Jesús m. Montemayor',1,6,'Profesional','Primer ingreso','90','90',1,'PAEP','1320','','Apoyo para compras de libros','becas.mty@itesm.mx','','http://admision.itesm.mx/apoyos-financieros-y-becas','http://becas.mty.itesm.mx/nuevoingreso-04otras.aspx\r'),(21,'Becas Dr. Xorge Alejandro Domínguez',1,6,'Profesional','Primer ingreso','90','90',1,'PAEP','1320','','Requier tener Beca Tec y que sea en Campus Monterrey','mvidea@itesm.mx','','http://admision.itesm.mx/apoyos-financieros-y-becas','http://becas.mty.itesm.mx/nuevoingreso-05otras.aspx\r'),(22,'Beca Selider',1,6,'Profesional','Primer ingreso','90','90',1,'PAEP','1350','','','beca.selider@gmail.com','8375 2107 y 04','www.selider.org','\r'),(23,'Beca QH Tecnológico',1,6,'Profesional','Primer ingreso','90','90',1,'PAEP','1300','','','carlos.gabriel.puente@itesm.mx','','http://www.mty.itesm.mx/becas','\r'),(24,'Campo San Antonio Pape',1,6,'Profesional','Primer ingreso','95','90',1,'PAEP','1300','','','carlos.gabriel.puente@itesm.mx','','http://www.mty.itesm.mx/becas','\r'),(25,'Fundación Zaber',1,6,'Profesional','Primer ingreso','90','90',1,'PAEP','1300','','','carlos.gabriel.puente@itesm.mx','','http://www.mty.itesm.mx/becas','\r'),(26,'Casas de asistencia del CEMYD',1,6,'Profesional','Primer ingreso','85','85',1,'PAEP','1300','Ensayo','Ser alumno becado (contar con al menos un 60% de apoyo financiero)  Cuota mensual','carolina.morales@itesm.mx','','http://frgs.org/','http://becas.mty.itesm.mx/nuevoingreso-03.aspx\r'),(27,'Casas de asistencia Fraternidad Ricardo Guajardo',1,6,'Profesional','Primer ingreso','85','85',1,'PAEP','1300','Ensayo','Ser alumno becado (contar con al menos un 60% de apoyo financiero)  Cuota mensual','carlos.gabriel.puente@itesm.mx','','http://admision.itesm.mx/apoyos-financieros-y-becas','http://becas.mty.itesm.mx/nuevoingreso-03.aspx\r'),(28,'Red de filantropía',1,6,'Profesional','Primer ingreso','85','85',1,'PAEP','NO SE REQUIERE','','Tener una beca académica minimo del 70%','redfilantropia.mty@itesm.mx','','http://admision.itesm.mx/apoyos-financieros-y-becas','http://becas.mty.itesm.mx/nuevoingreso-08otras.aspx\r'),(29,'Impulso educativo Santander',1,6,'Profesional','Primer ingreso','80','80',0,'PAEP','NO SE REQUIERE','','','ecuenta1suc5480@santander.com.mx','Tel externo. 8387-8413 Tels 01 800 BECA TEC +52 (81) 8328-4048','Impulsos Educativos Santander','http://becas.mty.itesm.mx/actuales-11.aspx\r'),(30,'Crédito educativo Tec',1,6,'Profesional','Primer ingreso','Indiferente','Indiferente',0,'PAEP','NO SE REQUIERE','','','becas.mty@itesm.mx','Tels 01 800 BECA TEC +52 (81) 8328-4048','http://admision.itesm.mx/apoyos-financieros-y-becas','http://becas.mty.itesm.mx/actuales-10.aspx\r'),(31,'Crédito educativo Tec',1,6,'Profesional','Primer ingreso','Indiferente','Indiferente',0,'PAEP','NO SE REQUIERE','','','becas.mty@itesm.mx','Tels 01 800 BECA TEC +52 (81) 8328-4048','http://admision.itesm.mx/apoyos-financieros-y-becas','http://becas.mty.itesm.mx/actuales-10.aspx\r'),(32,'Crédito educativo Tec',1,6,'Profesional','Primer ingreso','Indiferente','Indiferente',0,'PAEP','NO SE REQUIERE','','','becas.mty@itesm.mx','Tels 01 800 BECA TEC +52 (81) 8328-4048','http://admision.itesm.mx/apoyos-financieros-y-becas','http://becas.mty.itesm.mx/actuales-10.aspx\r'),(33,'Crédito educativo Tec',1,6,'Profesional','Primer ingreso','Indiferente','Indiferente',0,'PAEP','NO SE REQUIERE','','','becas.mty@itesm.mx','Tels 01 800 BECA TEC +52 (81) 8328-4048','http://admision.itesm.mx/apoyos-financieros-y-becas','http://becas.mty.itesm.mx/actuales-10.aspx\r'),(34,'Federal student AID Plus',1,6,'Profesional','Primer ingreso','NO SE','NO SE',0,'PAEP','NO SE REQUIERE','','','jordi.kipper@itesm.mx','','http://admision.itesm.mx/sites/all/themes/admision/documents/proceso-stafford.pdf','http://becas.mty.itesm.mx/extranjeros-02.aspx\r'),(35,'Beca UDEM',2,6,'Profesional','Primer ingreso','85','85',1,'PAA','1100','','','admisiones@udem.edu.mx???','Teléfono (81) 8215-1020 Lada sin costo: 01 800 849 4757 ext. 1020','http://www.udem.edu.mx/Esp/Carreras/Pages/Beca-UDEM.aspx','\r'),(36,'Beca UDEM',2,6,'Posgrado','Primer ingreso','85','85',1,'PAA','1100','','','admisiones@udem.edu.mx???','Tel. (81) 8215-1000 ext. 1010  Línea sin costo 01 800-801-UDEM ext. 1010','http://www.udem.edu.mx/Esp/Posgrados/Pages/Candidatos-Beca.aspx','\r'),(37,'Beca excelencia UDEM',2,6,'Posgrado','Primer ingreso','90','90',0,'PAA','1100','','','admisiones@udem.edu.mx???','Tel. (81) 8215-1000 ext. 1010  Línea sin costo 01 800-801-UDEM ext. 1010','http://www.udem.edu.mx/Esp/Posgrados/Pages/Candidatos-Beca.aspx','\r'),(38,'Beca ExaUDEM',2,6,'Posgrado','Primer ingreso','70','Indiferente',0,'PAA','1100','','','admisiones@udem.edu.mx???','Tel. (81) 8215-1000 ext. 1010  Línea sin costo 01 800-801-UDEM ext. 1011','http://www.udem.edu.mx/Esp/Posgrados/Pages/Candidatos-Beca.aspx','\r'),(39,'Beca ExaUDEM',2,6,'Posgrado','Primer ingreso','90','Indiferente',0,'PAA','1200','','','admisiones@udem.edu.mx???','Tel. (81) 8215-1000 ext. 1010  Línea sin costo 01 800-801-UDEM ext. 1012','http://www.udem.edu.mx/Esp/Posgrados/Pages/Candidatos-Beca.aspx','\r'),(40,'Becas para alumnos de Especialidades Médicas',2,6,'Posgrado','Primer ingreso','CCLI','CCLI',0,'PAA','CCLI','','','admisiones@udem.edu.mx???','Tel. (81) 8215-1000 ext. 1010  Línea sin costo 01 800-801-UDEM ext. 1013','http://www.udem.edu.mx/Esp/Posgrados/Pages/Candidatos-Beca.aspx','\r'),(41,'Beca talento formativo',2,6,'Profesional','Primer ingreso','80','80',0,'PAA','1000','Habilidad deportiva','futbol soccer futbol rápido básquetbol voleibol de sala voleibol de playa atletismo natación tenis tiro con arco y tae kwon do','becasdeportivas@udem.edu.mx','8215 1334','http://www.udem.edu.mx/Esp/Admisiones/Documents/becas/Becas_Deportivas_WEB_carreras.pdf','\r'),(42,'Beca excelencia UDEM para alumnos foráneos',2,6,'Profesional','Primer ingreso','95','95',0,'PAA','1200','','','admisiones@udem.edu.mx???','Tel. (01 81) 8215 1010 línea sin costo 01 800 801 UDEM ext. 1010','http://www.udem.edu.mx/Esp/Carreras/Pages/becas/convocatoria-beca-exelencia-foraneos.aspx','\r'),(43,'Beca al talento creativo',2,6,'Profesional','Primer ingreso','90','90',0,'PAA','1200','','Arte Arquitectura Diseño Textil y Moda Diseño Gráfico Diseño de Interiores Diseño Industrial e Ingeniero en Innovación Sustentable y Energía','','','http://www.udem.edu.mx/Esp/Carreras/Pages/becas/beca-talento-creativo.aspx','\r'),(44,'Beca formar para transformar',2,6,'Profesional','Primer ingreso','85','85',0,'PAA','CCLI','','','xochitl.berlanga@udem.edu.mx','Tel: (81) 8215 1325','http://www.udem.edu.mx/Esp/Carreras/Pages/becas/beca-formar-para-transformar.aspx','\r'),(45,'Beca formar para transformar',2,6,'Profesional','Primer ingreso','80','85',0,'PAA','CCLI','','','xochitl.berlanga@udem.edu.mx','Tel: (81) 8215 1325','http://www.udem.edu.mx/Esp/Carreras/Pages/becas/beca-formar-para-transformar.aspx','\r'),(46,'Beca escuela Fundadora',2,6,'Profesional','Primer ingreso','80','Indiferente',0,'PAA','1100','','Las becas fundadoras se otorgan a los primeros candidatos que concluyen su proceso de admisión','http:  www.udem.edu.mx Esp Admisiones Pages Directorio-de-contactos-carrera.aspx','','http://www.udem.edu.mx/Esp/Carreras/Pages/becas/otros-apoyos-financieros.aspx','\r'),(47,'Beca Volumen',2,6,'Profesional','Primer ingreso','no se','no se',0,'PAA','CCLI','3 hijos','','admisiones@udem.edu.mx???','','http://www.udem.edu.mx/Esp/Carreras/Pages/becas/otros-apoyos-financieros.aspx','\r'),(48,'Beca Volumen',2,6,'Profesional','Primer ingreso','no se','no se',0,'PAA','CCLI','4 hijos','','admisiones@udem.edu.mx???','','http://www.udem.edu.mx/Esp/Carreras/Pages/becas/otros-apoyos-financieros.aspx','\r'),(49,'Beca para alumnos graduados de Bachillerato Internacional (BI)',2,6,'Profesional','Primer ingreso','80','80',0,'PAA','1300','Puntaje BI 24-29','','http:  www.udem.edu.mx Esp Admisiones Pages Directorio-de-contactos-carrera.aspx','','http://www.udem.edu.mx/Esp/Carreras/Pages/becas/otros-apoyos-financieros.aspx','\r'),(50,'Beca para alumnos graduados de Bachillerato Internacional (BI)',2,6,'Profesional','Primer ingreso','80','80',0,'PAA','1300','Puntaje BI 30-40','','http:  www.udem.edu.mx Esp Admisiones Pages Directorio-de-contactos-carrera.aspx','','http://www.udem.edu.mx/Esp/Carreras/Pages/becas/otros-apoyos-financieros.aspx','\r'),(51,'Beca para alumnos graduados de Bachillerato Internacional (BI)',2,6,'Profesional','Primer ingreso','80','80',0,'PAA','1300','Puntaje BI 41-44','','http:  www.udem.edu.mx Esp Admisiones Pages Directorio-de-contactos-carrera.aspx','','http://www.udem.edu.mx/Esp/Carreras/Pages/becas/otros-apoyos-financieros.aspx','\r'),(52,'Beca para alumnos graduados de Bachillerato Internacional (BI)',2,6,'Profesional','Primer ingreso','80','80',0,'PAA','1300','Puntaje BI 41-44','','http:  www.udem.edu.mx Esp Admisiones Pages Directorio-de-contactos-carrera.aspx','','http://www.udem.edu.mx/Esp/Carreras/Pages/becas/otros-apoyos-financieros.aspx','\r'),(53,'Beca para alumnos graduados de Bachillerato Internacional (BI)',2,6,'Profesional','Primer ingreso','80','80',0,'PAA','1300','Puntaje BI 45 o más','','http:  www.udem.edu.mx Esp Admisiones Pages Directorio-de-contactos-carrera.aspx','','http://www.udem.edu.mx/Esp/Carreras/Pages/becas/otros-apoyos-financieros.aspx','\r'),(54,'Beca Financiera Santander',2,6,'Profesional','Primer ingreso','70','70',0,'PAA','CCLI','','','evelyn.garza@udem.edu.mx','','http://www.udem.edu.mx/Esp/Carreras/Pages/becas/otros-apoyos-financieros.aspx','www.santanderuniversidades.com.mx\r'),(55,'Financiamiento Laudex',2,6,'Profesional','Primer ingreso','70','70',0,'PAA','CCLI','','','aayala@laudex.mx','01-800-120-0140','http://www.udem.edu.mx/Esp/Carreras/Pages/becas/otros-apoyos-financieros.aspx','www.laudex.mx/udem\r'),(56,'William D. Ford Federal Direct Loan Program',2,6,'Profesional','Primer ingreso','85','85',0,'PAA','CCLI','','','admisiones@udem.edu.mx???','1-800-433-3243 o 319-337-5665','http://www.udem.edu.mx/Esp/Carreras/Pages/becas/otros-apoyos-financieros.aspx','www.fafsa.ed.gov \r'),(57,'Smart Option Student Loan',2,6,'Profesional','Primer ingreso','80','80',0,'PAA','CCLI','','','admisiones@udem.edu.mx???','01-888-2SALLIE','http://www.udem.edu.mx/Esp/Carreras/Pages/becas/otros-apoyos-financieros.aspx','www.salliemae.com\r'),(58,'Beca de excelencia',3,6,'Profesional','Primer ingreso','90','90',1,'PAA','1250','','','informes@u-erre.mx','82 20 47 10','http://www.u-erre.mx/informacion/becas/beca-excelencia','\r'),(59,'Beca de excelencia',3,6,'Posgrado','Primer ingreso','90','90',1,'PAA','1250','','','informes@u-erre.mx','83 20 47 10','http://www.u-erre.mx/informacion/becas/beca-excelencia','\r'),(60,'Beca de excelencia',3,6,'Posgrado','Primer ingreso','90','90',1,'PAA','1250','','','informes@u-erre.mx','84 20 47 10','http://www.u-erre.mx/informacion/becas/beca-excelencia','\r'),(61,'Crédito ducativos Santander',3,6,'Profesional','Primer ingreso','70','CCLI',1,'PAA','1000','','','informes@u-erre.mx','85 20 47 10','http://www.u-erre.mx/informacion/becas/creditos','\r'),(62,'Beca de académica',3,6,'Profesional','Primer ingreso','90','90',1,'PAA','1250','','','informes@u-erre.mx','86 20 47 10','http://www.u-erre.mx/informacion/becas/beca-academica','\r'),(63,'Beca Financiera ',3,6,'Profesional','Primer ingreso','Indiferente','Indiferente',1,'PAA','1000','','','informes@u-erre.mx','87 20 47 10','http://www.u-erre.mx/perch/resources/sol.-ayuda-financiera-ago-2015-a-2.pdf','\r'),(64,'Beca deportiva',3,6,'Profesional','Primer ingreso','85','85',1,'PAA','CCLI','Habilidad deportiva','','informes@u-erre.mx','88 20 47 10','http://www.u-erre.mx/informacion/becas/deportiva','\r'),(65,'Beca cultural',3,6,'Profesional','Primer ingreso','85','85',1,'PAA','CCLI','Habilidad cultural','','informes@u-erre.mx','89 20 47 10','http://www.u-erre.mx/informacion/becas/beca-cultural','\r'),(66,'Beca servicio becario',4,6,'Profesional','Primer ingreso','80','80',1,'NA','NA','','','','Tel.: 83-438009 informes  (81) 123-30680 conmutador','http://www.uane.edu.mx/web/beca_servicio.html','\r'),(67,'Beca 33',4,6,'Profesional','Primer ingreso','80','80',1,'NA','NA','','Convenio con empresas o instituciones que deberán inscribir a un mínimo de cinco alumnos. UNAE otorga un 33% de beca la empresa se compromete a cubrir otro 33% y el 33% restante será cubierto por el alumno becado.','','Tel.: 83-438009 informes  (81) 123-30680 conmutador','http://www.uane.edu.mx/web/beca_33.html','\r'),(68,'Beca de excelencia',4,6,'Profesional','Primer ingreso','95','95',1,'NA','NA','','','','Tel.: 83-438009 informes  (81) 123-30680 conmutador','http://www.uane.edu.mx/web/beca_excelencia.html','\r'),(69,'Beca al mérito académico',4,6,'Profesional','Primer ingreso','95','95',1,'NA','NA','','Se otorga al mejor alumno de cada carrera y de cada generación durante los últimos 4 semestres de su plan de estudios.','','Tel.: 83-438009 informes  (81) 123-30680 conmutador','http://www.uane.edu.mx/web/becas_merito_academico.html','\r'),(70,'Beca académica',5,6,'Profesional','Primer ingreso','80','80',1,'NA','NA','','','','Tel: (81) 8262-7200 811-016-2704','http://ceu.edu.mx/becas/','\r'),(71,'Beca deportiva',5,6,'Profesional','Primer ingreso','80','80',1,'NA','NA','Habilidad deportiva','','','Tel: (81) 8262-7200 811-016-2704','http://ceu.edu.mx/becas/','\r'),(72,'Beca cultural',5,6,'Profesional','Primer ingreso','80','80',1,'NA','NA','Habilidad cultural','','','Tel: (81) 8262-7200 811-016-2704','http://ceu.edu.mx/becas/','\r'),(73,'Beca por convenio',5,6,'Profesional','Primer ingreso','80','80',1,'NA','NA','','Ser empleado o familiar directo de la empresa u organización con la cual la institución haya celebrado convenio de beca o beneficio por pronto pago','','Tel: (81) 8262-7200 811-016-2704','http://ceu.edu.mx/becas/','\r'),(74,'Beca 20 exalumnos de preparatoria',6,6,'Profesional','Primer ingreso','85','85',1,'NA','NA','','','','','http://www.isac-portal.com/futuros-alumnos/becas','\r'),(75,'Beca de excelencia acedémica (BE)',7,6,'Profesional','Primer ingreso','95','95',1,'NA','NA','','','laura.garza@fldm.edu.mx','8048 2500 ext. 310','http://fldm.edu.mx/admisiones/ayuda-financiera/beca-de-excelencia-academica-be/','\r'),(76,'Beca por desempeño académico sobresaliente (DAS)',7,6,'Profesional','Primer ingreso','90','90',1,'NA','NA','','','laura.garza@fldm.edu.mx','8049 2500 ext. 310','http://fldm.edu.mx/admisiones/ayuda-financiera/beca-por-desempeno-academico-sobresaliente-das/','\r'),(77,'Beca préstamo por desempeño académico y necesidad económica (DANEP)',7,6,'Profesional','Primer ingreso','85','85',1,'NA','NA','','','laura.garza@fldm.edu.mx','8050 2500 ext. 310','http://fldm.edu.mx/admisiones/ayuda-financiera/beca-prestamo-por-desempeno-academico-y-necesidad-economica-danep/','\r'),(78,'Beca de excelencia',8,6,'Profesional','Primer ingreso','95','95',1,'NA','NA','','','','','http://www.unez.mx/','\r'),(79,'Beca académica ',8,6,'Profesional','Primer ingreso','90','90',1,'NA','NA','','','','','http://www.unez.mx/','\r'),(80,'Beca académica ',8,6,'Profesional','Primer ingreso','85','85',1,'NA','NA','','','','','http://www.unez.mx/','\r'),(81,'Beca académica',9,6,'Profesional','Primer ingreso','85','85',1,'NA','NA','','','','','http://www.utsc.edu.mx/04-aspirante/becas.html','\r'),(82,'Beca referenciadas',9,6,'Profesional','Primer ingreso','85','85',1,'NA','NA','','Beneficio otorgado como parte del Programa de Desarrollo Social para los jóvenes referenciados de IEMS (Instituciones de Educación Media Superior) Municipio o Empresas para apoyar su Educación Superior','','','http://www.utsc.edu.mx/04-aspirante/becas.html','\r'),(83,'HSBC',10,6,'Profesional','Primer ingreso','70','70',0,'NA','NA','','','','','http://www.up.edu.mx/es/usuarios/mex/becas-y-financiamientos','\r'),(84,'Santander',10,6,'Profesional','Primer ingreso','70','70',0,'NA','NA','','','','','http://www.up.edu.mx/es/usuarios/mex/becas-y-financiamientos','\r'),(85,'HSBC Nacional Financiera',10,6,'Profesional','Primer ingreso','75','75',0,'NA','NA','','','','','http://www.up.edu.mx/es/usuarios/mex/becas-y-financiamientos','\r'),(86,'Santander Laudex',10,6,'Profesional','Primer ingreso','70','70',0,'NA','NA','','','','','http://www.up.edu.mx/es/usuarios/mex/becas-y-financiamientos','\r'),(87,'Ennti',10,6,'Profesional','Primer ingreso','70','70',0,'NA','NA','','','','','http://www.up.edu.mx/es/usuarios/mex/becas-y-financiamientos','\r'),(88,'Institucional',11,6,'Profesional','Primer ingreso','70','70',1,'NA','NA','','Provenir de un hogar cuyo ingreso mensual per cápita sea menor o igual a los cuatro deciles de la distribución del ingreso mensuales.','','Tel. 57296000 Ext. 51844','http://www.sibec.ipn.mx/avisos/cartel/REQUISITOS.pdf','\r'),(89,'Institucional',11,6,'Profesional','Primer ingreso','80','80',1,'NA','NA','','Provenir de un hogar cuyo ingreso mensual per cápita sea menor o igual a los cuatro deciles de la distribución del ingreso mensuales.','','Tel. 57296000 Ext. 51844','http://www.sibec.ipn.mx/avisos/cartel/REQUISITOS.pdf','\r'),(90,'Institucional',11,6,'Profesional','Primer ingreso','95','95',1,'NA','NA','','Provenir de un hogar cuyo ingreso mensual per cápita sea menor o igual a los cuatro deciles de la distribución del ingreso mensuales.','','Tel. 57296000 Ext. 51844','http://www.sibec.ipn.mx/avisos/cartel/REQUISITOS.pdf','\r'),(91,'Institucional Polivirtual',11,6,'Profesional','Primer ingreso','70','70',1,'NA','NA','','Provenir de un hogar cuyo ingreso mensual per cápita sea menor o igual a los cuatro deciles de la distribución del ingreso mensuales.','','Tel. 57296000 Ext. 51844','http://www.sibec.ipn.mx/avisos/cartel/REQUISITOS.pdf','\r'),(92,'Institucional Polivirtual',11,6,'Profesional','Primer ingreso','80','80',1,'NA','NA','','Provenir de un hogar cuyo ingreso mensual per cápita sea menor o igual a los cuatro deciles de la distribución del ingreso mensuales.','','Tel. 57296000 Ext. 51844','http://www.sibec.ipn.mx/avisos/cartel/REQUISITOS.pdf','\r'),(93,'Institucional Polivirtual',11,6,'Profesional','Primer ingreso','95','95',1,'NA','NA','','Provenir de un hogar cuyo ingreso mensual per cápita sea menor o igual a los cuatro deciles de la distribución del ingreso mensuales.','','Tel. 57296000 Ext. 51844','http://www.sibec.ipn.mx/avisos/cartel/REQUISITOS.pdf','\r'),(94,'Transporte-IPN ',11,6,'Profesional','Primer ingreso','70','70',1,'NA','NA','','Provenir de una familia cuyo ingreso mensual per cápita sea igual o menor a cuatro Salarios Mínimos Mensuales Vigentes al momento de la emisión de la convocatoria.','','Tel. 57296000 Ext. 51844','http://www.sibec.ipn.mx/avisos/cartel/REQUISITOS.pdf','\r'),(95,'Transporte-IPN ',11,6,'Profesional','Primer ingreso','80','80',1,'NA','NA','','','','Tel. 57296000 Ext. 51844','http://www.sibec.ipn.mx/avisos/cartel/REQUISITOS.pdf','\r'),(96,'Transporte-IPN ',11,6,'Profesional','Primer ingreso','95','95',1,'NA','NA','','','','Tel. 57296000 Ext. 51844','http://www.sibec.ipn.mx/avisos/cartel/REQUISITOS.pdf','\r'),(97,'IPN-Fundación Politécnico- Bécalos alto rendimiento',11,6,'Profesional','Primer ingreso','95','95',1,'NA','NA','','','','Tel. 57296000 Ext. 51844','http://www.sibec.ipn.mx/avisos/cartel/REQUISITOS.pdf','\r'),(98,'IPN-Fundación Politécnico-Harp Helú',11,6,'Profesional','Primer ingreso','95','95',1,'NA','NA','','','','Tel. 57296000 Ext. 51844','http://www.sibec.ipn.mx/avisos/cartel/REQUISITOS.pdf','\r'),(99,'IPN-Fundación Politécnico-Fundación Telmex',11,6,'Profesional','Primer ingreso','80','80',1,'NA','NA','','','','Tel. 57296000 Ext. 51844','http://www.sibec.ipn.mx/avisos/cartel/REQUISITOS.pdf','\r'),(100,'Beca PROBEMEX',12,5,'Profesional','Primer ingreso','85','85',1,'NA','NA','','','becasprobemex@hotmail.com','(01722) 2139063 y 214 55 88','http://seduc.edomex.gob.mx/becas_iprobemex','\r'),(101,'Beca PROBEMEX',11,5,'Profesional','Primer ingreso','85','85',1,'NA','NA','','','becasprobemex@hotmail.com','(01722) 2139063 y 214 55 88','http://seduc.edomex.gob.mx/becas_iprobemex','\r'),(102,'Beca PROBEMEX',13,5,'Profesional','Primer ingreso','85','85',1,'NA','NA','','','becasprobemex@hotmail.com','(01722) 2139063 y 214 55 88','http://seduc.edomex.gob.mx/becas_iprobemex','\r'),(103,'Beca Fulbright-García Robles de Negocios Binacionales en Estados Unidos (Programa para Estudiantes)',14,2,'Posgrado','Primer ingreso','80','80',1,'Escala de calidad COMEXUS','55','TOEFL','','becas@comexus.org.mx ','Tel. (+52-55) 5566-91-53 5592-30-83','http://www.comexus.org.mx/posgrado_eua.html','\r'),(104,'Becas Magdalena O. Vda. de Brockmann',0,4,'Posgrado','Primer ingreso','85','85',0,'NA','NA','Calificación mínima de 90 en el examen TOEFL iBT ó 7 en el IELTS.','Tener un nivel de inglés funcional con una calificación mínima de 90 en el examen TOEFL iBT ó 7 en el IELTS. Contar con experiencia laboral suficiente para obtener el mayor beneficio de una maestría con un mínimo de dos años de tiempo completo después de haber terminado la carrera hasta la fecha de ','becasmob@becasmob.org.mx','Tel fax: (33)36322872','http://www.becasmob.org.mx/convocatoria','\r'),(105,'Financiamiento FIDERH',0,1,'Posgrado','Primer ingreso','80','80',0,'NA','NA','','El financiamiento se cubre en pesos mexicanos en 40 pagos trimestrales (10 años). La tasa de interés es del 0.75 del Costo Porcentual Promedio (CPP) que publica el Banco de México mensualmente. ','gguadarrama@banxico.org.mx','Teléfono 53 45 4794','http://www.fiderh.org.mx/financiamiento.html','\r'),(106,'Genral MBA',15,3,'Posgrado','Primer ingreso','80','80',0,'NA','NA','','Costo de maestría 11400.00( euros ) total a pagar 10260.00( euros )','jaguayo@zsem.hr','','http://www.fundacionbeca.net/becas_detalleprograma.php?IdPrograma=612&ver=1','http://mba.zsem.hr/index.php/programs/general-mba\r'),(107,'MBA in Management',15,3,'Posgrado','Primer ingreso','80','80',0,'NA','NA','','Costo de maestría 10400.00( euros ) total a pagar 9360.00( euros )','jaguayo@zsem.hr','','http://www.fundacionbeca.net/becas_detalleprograma.php?IdPrograma=613','http://mba.zsem.hr/index.php/programs/mba-in-management\r'),(108,'MBA in Marketing',15,3,'Posgrado','Primer ingreso','80','80',0,'NA','NA','','Costo de maestría 10400.00( euros ) total a pagar 9360.00( euros )','jaguayo@zsem.hr','','http://www.fundacionbeca.net/becas_detalleprograma.php?IdPrograma=614','http://mba.zsem.hr/index.php/programs/mba-in-marketing\r'),(109,'MBA in Management of Information Systems',15,3,'Posgrado','Primer ingreso','80','80',0,'NA','NA','','Costo de maestría 10400.00( euros ) total a pagar 9360.00( euros )','jaguayo@zsem.hr','','http://www.fundacionbeca.net/becas_detalleprograma.php?IdPrograma=615','www.zsem.com.hr\r'),(110,'MBA in Finance and Acounting',15,3,'Posgrado','Primer ingreso','80','80',0,'NA','NA','','Costo de maestría 10400.00( euros ) total a pagar 9360.00( euros )','jaguayo@zsem.hr','','http://www.fundacionbeca.net/becas_detalleprograma.php?IdPrograma=616','http://mba.zsem.hr/index.php/programs/mba-in-finance-and-accounting\r'),(111,'MBA in Finance and Banking',15,3,'Posgrado','Primer ingreso','80','80',0,'NA','NA','','Costo de maestría 10400.00( euros ) total a pagar 9360.00( euros )','jaguayo@zsem.hr','','http://www.fundacionbeca.net/becas_detalleprograma.php?IdPrograma=617','http://mba.zsem.hr/index.php/programs/mba-in-finance-and-banking\r'),(112,'MBA in Quantitative Finance',15,3,'Posgrado','Primer ingreso','80','80',0,'NA','NA','','Costo de maestría 10400.00( euros ) total a pagar 9360.00( euros )','jaguayo@zsem.hr','','http://www.fundacionbeca.net/becas_detalleprograma.php?IdPrograma=619','http://mba.zsem.hr/index.php/programs/mba-in-quantitative-finance\r'),(113,'MBA in Human Resources Management',15,3,'Posgrado','Primer ingreso','80','80',0,'NA','NA','','Costo de maestría 10400.00( euros ) total a pagar 9360.00( euros )','jaguayo@zsem.hr','','http://www.fundacionbeca.net/becas_detalleprograma.php?IdPrograma=620','http://mba.zsem.hr/index.php/programs/mba-in-human-resource-management\r'),(114,'MBA in Supply Chain Management',15,3,'Posgrado','Primer ingreso','80','80',0,'NA','NA','','Costo de maestría 10400.00( euros ) total a pagar 9360.00( euros )','jaguayo@zsem.hr','','http://www.fundacionbeca.net/becas_detalleprograma.php?IdPrograma=621',' http://mba.zsem.hr/index.php/programs/mba-in-supply-chain-management\r'),(115,'Genral MBA',15,3,'Posgrado','Primer ingreso','80','80',0,'NA','NA','','Costo de maestría 11400.00( euros ) total a pagar 10260.00( euros )','jaguayo@zsem.hr','','http://www.fundacionbeca.net/becas_detalleprograma.php?IdPrograma=612&ver=1','http://mba.zsem.hr/index.php/programs/general-mba\r'),(116,'MBA in Management',15,3,'Posgrado','Primer ingreso','80','80',0,'NA','NA','','Costo de maestría 10400.00( euros ) total a pagar 9360.00( euros )','jaguayo@zsem.hr','','http://www.fundacionbeca.net/becas_detalleprograma.php?IdPrograma=613','http://mba.zsem.hr/index.php/programs/mba-in-management\r'),(117,'MBA in Marketing',15,3,'Posgrado','Primer ingreso','80','80',0,'NA','NA','','Costo de maestría 10400.00( euros ) total a pagar 9360.00( euros )','jaguayo@zsem.hr','','http://www.fundacionbeca.net/becas_detalleprograma.php?IdPrograma=614','http://mba.zsem.hr/index.php/programs/mba-in-marketing\r'),(118,'MBA in Management of Information Systems',15,3,'Posgrado','Primer ingreso','80','80',0,'NA','NA','','Costo de maestría 10400.00( euros ) total a pagar 9360.00( euros )','jaguayo@zsem.hr','','http://www.fundacionbeca.net/becas_detalleprograma.php?IdPrograma=615','www.zsem.com.hr\r'),(119,'MBA in Finance and Acounting',15,3,'Posgrado','Primer ingreso','80','80',0,'NA','NA','','Costo de maestría 10400.00( euros ) total a pagar 9360.00( euros )','jaguayo@zsem.hr','','http://www.fundacionbeca.net/becas_detalleprograma.php?IdPrograma=616','http://mba.zsem.hr/index.php/programs/mba-in-finance-and-accounting\r'),(120,'MBA in Finance and Banking',15,3,'Posgrado','Primer ingreso','80','80',0,'NA','NA','','Costo de maestría 10400.00( euros ) total a pagar 9360.00( euros )','jaguayo@zsem.hr','','http://www.fundacionbeca.net/becas_detalleprograma.php?IdPrograma=617','http://mba.zsem.hr/index.php/programs/mba-in-finance-and-banking\r'),(121,'MBA in Quantitative Finance',15,3,'Posgrado','Primer ingreso','80','80',0,'NA','NA','','Costo de maestría 10400.00( euros ) total a pagar 9360.00( euros )','jaguayo@zsem.hr','','http://www.fundacionbeca.net/becas_detalleprograma.php?IdPrograma=619','http://mba.zsem.hr/index.php/programs/mba-in-quantitative-finance\r'),(122,'MBA in Human Resources Management',15,3,'Posgrado','Primer ingreso','80','80',0,'NA','NA','','Costo de maestría 10400.00( euros ) total a pagar 9360.00( euros )','jaguayo@zsem.hr','','http://www.fundacionbeca.net/becas_detalleprograma.php?IdPrograma=620','http://mba.zsem.hr/index.php/programs/mba-in-human-resource-management\r'),(123,'MBA in Supply Chain Management',15,3,'Posgrado','Primer ingreso','80','80',0,'NA','NA','','Costo de maestría 10400.00( euros ) total a pagar 9360.00( euros )','jaguayo@zsem.hr','','http://www.fundacionbeca.net/becas_detalleprograma.php?IdPrograma=621',' http://mba.zsem.hr/index.php/programs/mba-in-supply-chain-management\r'),(124,'MA in International Business',16,3,'Posgrado','Primer ingreso','80','80',0,'NA','NA','','Costo de maestría 10400.00( euros ) total a pagar 9360.00( euros )','caroline.jouanin@esc-rennes.fr','','http://www.fundacionbeca.net/becas_detalleprograma.php?IdPrograma=26','http://www.esc-rennes.fr/\r'),(125,'MSc. in International Accounting Management Control and Auditing',16,3,'Posgrado','Primer ingreso','80','80',0,'NA','NA','','Costo de maestría 16000.00( euros ) total a pagar 14400.00( euros )','caroline.jouanin@esc-rennes.fr','','http://www.fundacionbeca.net/becas_detalleprograma.php?IdPrograma=28','http://www.esc-rennes.fr/\r'),(126,'MSc. in International Business Negotiation',16,3,'Posgrado','Primer ingreso','80','80',0,'NA','NA','','Costo de maestría 16000.00( euros ) total a pagar 14400.00( euros )','caroline.jouanin@esc-rennes.fr','','http://www.fundacionbeca.net/becas_detalleprograma.php?IdPrograma=30','http://www.esc-rennes.fr/\r'),(127,'MSc in International Finance',16,3,'Posgrado','Primer ingreso','80','80',0,'NA','NA','','Costo de maestría 16000.00( euros ) total a pagar 14400.00( euros )','caroline.jouanin@esc-rennes.fr','','http://www.fundacionbeca.net/becas_detalleprograma.php?IdPrograma=33','http://www.esc-rennes.fr/\r'),(128,'MSc in International Human Resources Management',16,3,'Posgrado','Primer ingreso','80','80',0,'NA','NA','','Costo de maestría 16000.00( euros ) total a pagar 14400.00( euros )','caroline.jouanin@esc-rennes.fr','','http://www.fundacionbeca.net/becas_detalleprograma.php?IdPrograma=35','http://www.esc-rennes.fr/\r'),(129,'MSc in International Marketing',16,3,'Posgrado','Primer ingreso','80','80',0,'NA','NA','','Costo de maestría 16000.00( euros ) total a pagar 14400.00( euros )','caroline.jouanin@esc-rennes.fr','','http://www.fundacionbeca.net/becas_detalleprograma.php?IdPrograma=36','http://www.esc-rennes.fr/\r'),(130,'MSc in Sports Leisure & Tourism Management',16,3,'Posgrado','Primer ingreso','80','80',0,'NA','NA','','Costo de maestría 16000.00( euros ) total a pagar 14400.00( euros )','caroline.jouanin@esc-rennes.fr','','http://www.fundacionbeca.net/becas_detalleprograma.php?IdPrograma=39','http://www.esc-rennes.fr/\r'),(131,'MSc. In Global Business Management',16,3,'Posgrado','Primer ingreso','80','80',0,'NA','NA','','Costo de maestría 15200.00( euros ) total a pagar 13680.00( euros )','caroline.jouanin@esc-rennes.fr','','http://www.fundacionbeca.net/becas_detalleprograma.php?IdPrograma=183','http://www.esc-rennes.fr/\r'),(132,'Msc in International Luxury and Brand Management',16,3,'Posgrado','Primer ingreso','80','80',0,'NA','NA','','Costo de maestría 16000.00( euros ) total a pagar 14400.00( euros )','caroline.jouanin@esc-rennes.fr','','http://www.fundacionbeca.net/becas_detalleprograma.php?IdPrograma=405','http://www.esc-rennes.fr/\r'),(133,'Msc. in Communication and Digital Marketing',16,3,'Posgrado','Primer ingreso','80','80',0,'NA','NA','','Costo de maestría 16000.00( euros ) total a pagar 14400.00( euros )','caroline.jouanin@esc-rennes.fr','','http://www.fundacionbeca.net/becas_detalleprograma.php?IdPrograma=406','http://www.esc-rennes.fr/\r'),(134,'MSc. in Logistics and Supply Chain Management',16,3,'Posgrado','Primer ingreso','80','80',0,'NA','NA','','Costo de maestría 16000.00( euros ) total a pagar 14400.00( euros )','caroline.jouanin@esc-rennes.fr','','http://www.fundacionbeca.net/becas_detalleprograma.php?IdPrograma=407','http://www.esc-rennes.fr/\r'),(135,'MSc. in Eco-Design and Sustainable Management',16,3,'Posgrado','Primer ingreso','80','80',0,'NA','NA','','Costo de maestría 16000.00( euros ) total a pagar 14400.00( euros )','caroline.jouanin@esc-rennes.fr','','http://www.fundacionbeca.net/becas_detalleprograma.php?IdPrograma=408','http://www.esc-rennes.fr/\r'),(136,'MA in International Business',16,3,'Posgrado','Primer ingreso','80','80',0,'NA','NA','','Costo de maestría 10400.00( euros ) total a pagar 9360.00( euros )','caroline.jouanin@esc-rennes.fr','','http://www.fundacionbeca.net/becas_detalleprograma.php?IdPrograma=26','http://www.esc-rennes.fr/\r'),(137,'MSc. in International Accounting Management Control and Auditing',16,3,'Posgrado','Primer ingreso','80','80',0,'NA','NA','','Costo de maestría 16000.00( euros ) total a pagar 14400.00( euros )','caroline.jouanin@esc-rennes.fr','','http://www.fundacionbeca.net/becas_detalleprograma.php?IdPrograma=28','http://www.esc-rennes.fr/\r'),(138,'MSc. in International Business Negotiation',16,3,'Posgrado','Primer ingreso','80','80',0,'NA','NA','','Costo de maestría 16000.00( euros ) total a pagar 14400.00( euros )','caroline.jouanin@esc-rennes.fr','','http://www.fundacionbeca.net/becas_detalleprograma.php?IdPrograma=30','http://www.esc-rennes.fr/\r'),(139,'MSc in International Finance',16,3,'Posgrado','Primer ingreso','80','80',0,'NA','NA','','Costo de maestría 16000.00( euros ) total a pagar 14400.00( euros )','caroline.jouanin@esc-rennes.fr','','http://www.fundacionbeca.net/becas_detalleprograma.php?IdPrograma=33','http://www.esc-rennes.fr/\r'),(140,'MSc in International Human Resources Management',16,3,'Posgrado','Primer ingreso','80','80',0,'NA','NA','','Costo de maestría 16000.00( euros ) total a pagar 14400.00( euros )','caroline.jouanin@esc-rennes.fr','','http://www.fundacionbeca.net/becas_detalleprograma.php?IdPrograma=35','http://www.esc-rennes.fr/\r'),(141,'MSc in International Marketing',16,3,'Posgrado','Primer ingreso','80','80',0,'NA','NA','','Costo de maestría 16000.00( euros ) total a pagar 14400.00( euros )','caroline.jouanin@esc-rennes.fr','','http://www.fundacionbeca.net/becas_detalleprograma.php?IdPrograma=36','http://www.esc-rennes.fr/\r'),(142,'MSc in Sports Leisure & Tourism Management',16,3,'Posgrado','Primer ingreso','80','80',0,'NA','NA','','Costo de maestría 16000.00( euros ) total a pagar 14400.00( euros )','caroline.jouanin@esc-rennes.fr','','http://www.fundacionbeca.net/becas_detalleprograma.php?IdPrograma=39','http://www.esc-rennes.fr/\r'),(143,'MSc. In Global Business Management',16,3,'Posgrado','Primer ingreso','80','80',0,'NA','NA','','Costo de maestría 15200.00( euros ) total a pagar 13680.00( euros )','caroline.jouanin@esc-rennes.fr','','http://www.fundacionbeca.net/becas_detalleprograma.php?IdPrograma=183','http://www.esc-rennes.fr/\r'),(144,'Msc in International Luxury and Brand Management',16,3,'Posgrado','Primer ingreso','80','80',0,'NA','NA','','Costo de maestría 16000.00( euros ) total a pagar 14400.00( euros )','caroline.jouanin@esc-rennes.fr','','http://www.fundacionbeca.net/becas_detalleprograma.php?IdPrograma=405','http://www.esc-rennes.fr/\r'),(145,'Msc. in Communication and Digital Marketing',16,3,'Posgrado','Primer ingreso','80','80',0,'NA','NA','','Costo de maestría 16000.00( euros ) total a pagar 14400.00( euros )','caroline.jouanin@esc-rennes.fr','','http://www.fundacionbeca.net/becas_detalleprograma.php?IdPrograma=406','http://www.esc-rennes.fr/\r'),(146,'MSc. in Logistics and Supply Chain Management',16,3,'Posgrado','Primer ingreso','80','80',0,'NA','NA','','Costo de maestría 16000.00( euros ) total a pagar 14400.00( euros )','caroline.jouanin@esc-rennes.fr','','http://www.fundacionbeca.net/becas_detalleprograma.php?IdPrograma=407','http://www.esc-rennes.fr/\r'),(147,'MSc. in Eco-Design and Sustainable Management',16,3,'Posgrado','Primer ingreso','80','80',0,'NA','NA','','Costo de maestría 16000.00( euros ) total a pagar 14400.00( euros )','caroline.jouanin@esc-rennes.fr','','http://www.fundacionbeca.net/becas_detalleprograma.php?IdPrograma=408','http://www.esc-rennes.fr/\r'),(148,'MBA in Responsible Management',17,3,'Posgrado','Primer ingreso','80','80',0,'NA','NA','','Costo de maestría 30500.00( euros ) total a pagar 14760.00( euros )','international@audencia.com','','http://www.fundacionbeca.net/becas_detalleprograma.php?IdPrograma=587&ver=1','http://www.mba.audencia.com/\r'),(149,'International Master in Management (short-track)',17,3,'Posgrado','Primer ingreso','80','80',0,'NA','NA','','Costo de maestría 16400.00( euros ) total a pagar 14760.00( euros )','international@audencia.com','','http://www.fundacionbeca.net/becas_detalleprograma.php?IdPrograma=588&ver=1','http://www.audencia.com/imm\r'),(150,'International Master in Management (full-track)',17,3,'Posgrado','Primer ingreso','80','80',0,'NA','NA','','Costo de maestría 19400.00( euros ) total a pagar 14400.00( euros )','international@audencia.com','','http://www.fundacionbeca.net/becas_detalleprograma.php?IdPrograma=589&ver=1','http://www.audencia.com/imm\r'),(151,'Master in European and International Business Management',17,3,'Posgrado','Primer ingreso','80','80',0,'NA','NA','','Costo de maestría 14600.00( euros ) total a pagar 14400.00( euros )','international@audencia.com','','http://www.fundacionbeca.net/becas_detalleprograma.php?IdPrograma=590&ver=1','http://www.audencia.com/eibm\r'),(152,'Master of Science in Supply Chain and Purchasing Management (core programme)',17,3,'Posgrado','Primer ingreso','80','80',0,'NA','NA','','Costo de maestría 15000.00( euros ) total a pagar 13500.00( euros )','international@audencia.com','','http://www.fundacionbeca.net/becas_detalleprograma.php?IdPrograma=591&ver=1','http://www.audencia.com/mscpm\r'),(153,'Master of Science in Supply Chain and Purchasing Management Double Degree (extended programme)',17,3,'Posgrado','Primer ingreso','80','80',0,'NA','NA','','Costo de maestría 19500.00( euros ) total a pagar 17550.00( euros )','international@audencia.com','','http://www.fundacionbeca.net/becas_detalleprograma.php?IdPrograma=592&ver=1','http://www.audencia.com/mscpm\r'),(154,'Master of Science in Food and Agribusiness Management',17,3,'Posgrado','Primer ingreso','80','80',0,'NA','NA','','Costo de maestría 14500.00( euros ) total a pagar 14400.00( euros )','international@audencia.com','','http://www.fundacionbeca.net/becas_detalleprograma.php?IdPrograma=593&ver=1','http://www.audencia.com/fam\r'),(155,'MBA in Responsible Management',17,3,'Posgrado','Primer ingreso','80','80',0,'NA','NA','','Costo de maestría 30500.00( euros ) total a pagar 14760.00( euros )','international@audencia.com','','http://www.fundacionbeca.net/becas_detalleprograma.php?IdPrograma=587&ver=1','http://www.mba.audencia.com/\r'),(156,'International Master in Management (short-track)',17,3,'Posgrado','Primer ingreso','80','80',0,'NA','NA','','Costo de maestría 16400.00( euros ) total a pagar 14760.00( euros )','international@audencia.com','','http://www.fundacionbeca.net/becas_detalleprograma.php?IdPrograma=588&ver=1','http://www.audencia.com/imm\r'),(157,'International Master in Management (full-track)',17,3,'Posgrado','Primer ingreso','80','80',0,'NA','NA','','Costo de maestría 19400.00( euros ) total a pagar 14400.00( euros )','international@audencia.com','','http://www.fundacionbeca.net/becas_detalleprograma.php?IdPrograma=589&ver=1','http://www.audencia.com/imm\r'),(158,'Master in European and International Business Management',17,3,'Posgrado','Primer ingreso','80','80',0,'NA','NA','','Costo de maestría 14600.00( euros ) total a pagar 14400.00( euros )','international@audencia.com','','http://www.fundacionbeca.net/becas_detalleprograma.php?IdPrograma=590&ver=1','http://www.audencia.com/eibm\r'),(159,'Master of Science in Supply Chain and Purchasing Management (core programme)',17,3,'Posgrado','Primer ingreso','80','80',0,'NA','NA','','Costo de maestría 15000.00( euros ) total a pagar 13500.00( euros )','international@audencia.com','','http://www.fundacionbeca.net/becas_detalleprograma.php?IdPrograma=591&ver=1','http://www.audencia.com/mscpm\r'),(160,'Master of Science in Supply Chain and Purchasing Management Double Degree (extended programme)',17,3,'Posgrado','Primer ingreso','80','80',0,'NA','NA','','Costo de maestría 19500.00( euros ) total a pagar 17550.00( euros )','international@audencia.com','','http://www.fundacionbeca.net/becas_detalleprograma.php?IdPrograma=592&ver=1','http://www.audencia.com/mscpm\r'),(161,'Master of Science in Food and Agribusiness Management',17,3,'Posgrado','Primer ingreso','80','80',0,'NA','NA','','Costo de maestría 14500.00( euros ) total a pagar 14400.00( euros )','international@audencia.com','','http://www.fundacionbeca.net/becas_detalleprograma.php?IdPrograma=593&ver=1','http://www.audencia.com/fam\r'),(162,'Specialized MBA',18,3,'Posgrado','Primer ingreso','80','80',0,'NA','NA','','Costo de maestría 23300.00( euros ) total a pagar 19805.00( euros )','lerouxmi@esc-larochelle.fr','','http://www.fundacionbeca.net/becas_detalleprograma.php?IdPrograma=687&ver=1','www.esc-larochelle.fr\r'),(163,'Master in Management',18,3,'Posgrado','Primer ingreso','80','80',0,'NA','NA','','Costo de maestría 11100.00( euros ) total a pagar 9435.00( euros )','lerouxmi@esc-larochelle.fr','','http://www.fundacionbeca.net/becas_detalleprograma.php?IdPrograma=688','www.esc-larochelle.fr\r'),(164,'Global MBA',18,3,'Posgrado','Primer ingreso','80','80',0,'NA','NA','','Costo de maestría 23300.00( euros ) total a pagar 19805.00( euros )','lerouxmi@esc-larochelle.fr','','http://www.fundacionbeca.net/becas_detalleprograma.php?IdPrograma=689','www.esc-larochelle.fr\r'),(165,'MBA in Tourism and Services Management',18,3,'Posgrado','Primer ingreso','80','80',0,'NA','NA','','Costo de maestría 23300.00( euros ) total a pagar 19805.00( euros )','lerouxmi@esc-larochelle.fr','','http://www.fundacionbeca.net/becas_detalleprograma.php?IdPrograma=690&ver=1','www.esc-larochelle.fr\r'),(166,'MSc. in International Management with specialization in Marketing',16,3,'Posgrado','Primer ingreso','80','80',0,'NA','NA','','Costo de maestría 16000.00( euros ) total a pagar 14400.00( euros )','caroline.jouanin@esc-rennes.fr','','http://www.fundacionbeca.net/becas_detalleprograma.php?IdPrograma=752','http://www.esc-rennes.fr/\r'),(167,'MSc. in International Management with specialization in Digital Marketing',16,3,'Posgrado','Primer ingreso','80','80',0,'NA','NA','','Costo de maestría 16000.00( euros ) total a pagar 14400.00( euros )','caroline.jouanin@esc-rennes.fr','','http://www.fundacionbeca.net/becas_detalleprograma.php?IdPrograma=753','http://www.esc-rennes.fr/\r'),(168,'MSc. in International Management with specialization in Finance',16,3,'Posgrado','Primer ingreso','80','80',0,'NA','NA','','Costo de maestría 16000.00( euros ) total a pagar 14400.00( euros )','caroline.jouanin@esc-rennes.fr','','http://www.fundacionbeca.net/becas_detalleprograma.php?IdPrograma=754','http://www.esc-rennes.fr/\r'),(169,'MSc. in International Management with specialization in Human Resource',16,3,'Posgrado','Primer ingreso','80','80',0,'NA','NA','','Costo de maestría 16000.00( euros ) total a pagar 14400.00( euros )','caroline.jouanin@esc-rennes.fr','','http://www.fundacionbeca.net/becas_detalleprograma.php?IdPrograma=755','http://www.esc-rennes.fr/\r'),(170,'MSc. in International Management with specialization in Supply Chain',16,3,'Posgrado','Primer ingreso','80','80',0,'NA','NA','','Costo de maestría 16000.00( euros ) total a pagar 14400.00( euros )','caroline.jouanin@esc-rennes.fr','','http://www.fundacionbeca.net/becas_detalleprograma.php?IdPrograma=757','http://www.esc-rennes.fr/\r'),(171,'MSc. in International Management with specialization in Innovation Management',16,3,'Posgrado','Primer ingreso','80','80',0,'NA','NA','','Costo de maestría 16000.00( euros ) total a pagar 14400.00( euros )','caroline.jouanin@esc-rennes.fr','','http://www.fundacionbeca.net/becas_detalleprograma.php?IdPrograma=758&ver=1','http://www.esc-rennes.fr/\r'),(172,'Specialized MBA',18,3,'Posgrado','Primer ingreso','80','80',0,'NA','NA','','Costo de maestría 23300.00( euros ) total a pagar 19805.00( euros )','lerouxmi@esc-larochelle.fr','','http://www.fundacionbeca.net/becas_detalleprograma.php?IdPrograma=687&ver=1','www.esc-larochelle.fr\r'),(173,'Master in Management',18,3,'Posgrado','Primer ingreso','80','80',0,'NA','NA','','Costo de maestría 11100.00( euros ) total a pagar 9435.00( euros )','lerouxmi@esc-larochelle.fr','','http://www.fundacionbeca.net/becas_detalleprograma.php?IdPrograma=688','www.esc-larochelle.fr\r'),(174,'Global MBA',18,3,'Posgrado','Primer ingreso','80','80',0,'NA','NA','','Costo de maestría 23300.00( euros ) total a pagar 19805.00( euros )','lerouxmi@esc-larochelle.fr','','http://www.fundacionbeca.net/becas_detalleprograma.php?IdPrograma=689','www.esc-larochelle.fr\r'),(175,'MBA in Tourism and Services Management',18,3,'Posgrado','Primer ingreso','80','80',0,'NA','NA','','Costo de maestría 23300.00( euros ) total a pagar 19805.00( euros )','lerouxmi@esc-larochelle.fr','','http://www.fundacionbeca.net/becas_detalleprograma.php?IdPrograma=690&ver=1','www.esc-larochelle.fr\r'),(176,'MSc. in International Management with specialization in Marketing',16,3,'Posgrado','Primer ingreso','80','80',0,'NA','NA','','Costo de maestría 16000.00( euros ) total a pagar 14400.00( euros )','caroline.jouanin@esc-rennes.fr','','http://www.fundacionbeca.net/becas_detalleprograma.php?IdPrograma=752','http://www.esc-rennes.fr/\r'),(177,'MSc. in International Management with specialization in Digital Marketing',16,3,'Posgrado','Primer ingreso','80','80',0,'NA','NA','','Costo de maestría 16000.00( euros ) total a pagar 14400.00( euros )','caroline.jouanin@esc-rennes.fr','','http://www.fundacionbeca.net/becas_detalleprograma.php?IdPrograma=753','http://www.esc-rennes.fr/\r'),(178,'MSc. in International Management with specialization in Finance',16,3,'Posgrado','Primer ingreso','80','80',0,'NA','NA','','Costo de maestría 16000.00( euros ) total a pagar 14400.00( euros )','caroline.jouanin@esc-rennes.fr','','http://www.fundacionbeca.net/becas_detalleprograma.php?IdPrograma=754','http://www.esc-rennes.fr/\r'),(179,'MSc. in International Management with specialization in Human Resource',16,3,'Posgrado','Primer ingreso','80','80',0,'NA','NA','','Costo de maestría 16000.00( euros ) total a pagar 14400.00( euros )','caroline.jouanin@esc-rennes.fr','','http://www.fundacionbeca.net/becas_detalleprograma.php?IdPrograma=755','http://www.esc-rennes.fr/\r'),(180,'MSc. in International Management with specialization in Supply Chain',16,3,'Posgrado','Primer ingreso','80','80',0,'NA','NA','','Costo de maestría 16000.00( euros ) total a pagar 14400.00( euros )','caroline.jouanin@esc-rennes.fr','','http://www.fundacionbeca.net/becas_detalleprograma.php?IdPrograma=757','http://www.esc-rennes.fr/\r'),(181,'MSc. in International Management with specialization in Innovation Management',16,3,'Posgrado','Primer ingreso','80','80',0,'NA','NA','','Costo de maestría 16000.00( euros ) total a pagar 14400.00( euros )','caroline.jouanin@esc-rennes.fr','','http://www.fundacionbeca.net/becas_detalleprograma.php?IdPrograma=758&ver=1','http://www.esc-rennes.fr/\r'),(182,'MBA in International Business Consulting',19,3,'Posgrado','Primer ingreso','80','80',0,'NA','NA','','Costo de maestría 11222.00( euros ) total a pagar 7294.00( euros )','svenja.wittpoth@hs-offenburg.de','','http://www.fundacionbeca.net/becas_detalleprograma.php?IdPrograma=227','http://www.mba-ibc.com\r'),(183,'MBA in International Business Consulting',19,3,'Posgrado','Primer ingreso','80','80',0,'NA','NA','','Costo de maestría 11222.00( euros ) total a pagar 7294.00( euros )','svenja.wittpoth@hs-offenburg.de','','http://www.fundacionbeca.net/becas_detalleprograma.php?IdPrograma=227','http://www.mba-ibc.com\r'),(184,'MBA',20,3,'Posgrado','Primer ingreso','80','80',0,'NA','NA','','Costo de maestría 22000.00( euros ) total a pagar 16500.00( euros )','jagon@globaluniversitysystems.com','','http://www.fundacionbeca.net/becas_detalleprograma.php?IdPrograma=568','http://www.gisma.com/\r'),(185,'MBA',20,3,'Posgrado','Primer ingreso','80','80',0,'NA','NA','','Costo de maestría 22000.00( euros ) total a pagar 16500.00( euros )','jagon@globaluniversitysystems.com','','http://www.fundacionbeca.net/becas_detalleprograma.php?IdPrograma=568','http://www.gisma.com/\r'),(186,'Maestría en Antropología y Ética',21,3,'Posgrado','Primer ingreso','80','80',0,'NA','NA','','Costo de maestría 194000.00( pesos ) total a pagar 145500.00( pesos )','antonio.benitez@cph.edu.mx','','http://www.fundacionbeca.net/becas_detalleprograma.php?IdPrograma=2','http://www.cph.edu.mx/\r'),(187,'Maestría en Antropología y Ética',21,3,'Posgrado','Primer ingreso','80','80',0,'NA','NA','','Costo de maestría 194000.00( pesos ) total a pagar 145500.00( pesos )','antonio.benitez@cph.edu.mx','','http://www.fundacionbeca.net/becas_detalleprograma.php?IdPrograma=2','http://www.cph.edu.mx/\r'),(188,'Maestría en Estudios Humanísticos',21,3,'Posgrado','Primer ingreso','80','80',0,'NA','NA','','Costo de maestría 194000.00( pesos ) total a pagar 145500.00( pesos )','antonio.benitez@cph.edu.mx','','http://www.fundacionbeca.net/becas_detalleprograma.php?IdPrograma=4','http://www.cph.edu.mx/\r'),(189,'Maestría en Antropología y Ética',21,3,'Posgrado','Primer ingreso','80','80',0,'NA','NA','','Costo de maestría 194000.00( pesos ) total a pagar 145500.00( pesos )','antonio.benitez@cph.edu.mx','','http://www.fundacionbeca.net/becas_detalleprograma.php?IdPrograma=4','http://www.cph.edu.mx/\r'),(190,'Maestría en Alta Dirección MBA',22,3,'Posgrado','Primer ingreso','80','80',0,'NA','NA','','Costo de maestría 339120.00( pesos ) total a pagar 220428.00( pesos )','jdominguez@anahuacqro.com','','http://www.fundacionbeca.net/becas_detalleprograma.php?IdPrograma=157','http://www.anahuacqro.edu.mx\r'),(191,'Maestría en Derecho Corporativo',22,3,'Posgrado','Primer ingreso','80','80',0,'NA','NA','','Costo de maestría 214200.00( pesos ) total a pagar 139230.00( pesos )','jdominguez@anahuacqro.com','','http://www.fundacionbeca.net/becas_detalleprograma.php?IdPrograma=160','http://www.anahuacqro.edu.mx\r'),(192,'Maestría en Finanzas',22,3,'Posgrado','Primer ingreso','80','80',0,'NA','NA','','Costo de maestría 188400.00( pesos ) total a pagar 122460.00( pesos )','jdominguez@anahuacqro.com','','http://www.fundacionbeca.net/becas_detalleprograma.php?IdPrograma=161','http://www.anahuacqro.edu.mx\r'),(193,'Maestría en Psicopedagogía',22,3,'Posgrado','Primer ingreso','80','80',0,'NA','NA','','Costo de maestría 171984.00( pesos ) total a pagar 111789.00( pesos )','jdominguez@anahuacqro.com','','http://www.fundacionbeca.net/becas_detalleprograma.php?IdPrograma=163','http://www.anahuacqro.edu.mx\r'),(194,'Maestría en Administración Pública',22,3,'Posgrado','Primer ingreso','80','80',0,'NA','NA','','Costo de maestría 234240.00( pesos ) total a pagar 152256.00( pesos )','jdominguez@anahuacqro.com','','http://www.fundacionbeca.net/becas_detalleprograma.php?IdPrograma=224','http://www.anahuacqro.edu.mx\r'),(195,'Maestría en Alta Dirección MBA',22,3,'Posgrado','Primer ingreso','80','80',0,'NA','NA','','Costo de maestría 339120.00( pesos ) total a pagar 220428.00( pesos )','jdominguez@anahuacqro.com','','http://www.fundacionbeca.net/becas_detalleprograma.php?IdPrograma=157','http://www.anahuacqro.edu.mx\r'),(196,'Maestría en Derecho Corporativo',22,3,'Posgrado','Primer ingreso','80','80',0,'NA','NA','','Costo de maestría 214200.00( pesos ) total a pagar 139230.00( pesos )','jdominguez@anahuacqro.com','','http://www.fundacionbeca.net/becas_detalleprograma.php?IdPrograma=160','http://www.anahuacqro.edu.mx\r'),(197,'Maestría en Finanzas',22,3,'Posgrado','Primer ingreso','80','80',0,'NA','NA','','Costo de maestría 188400.00( pesos ) total a pagar 122460.00( pesos )','jdominguez@anahuacqro.com','','http://www.fundacionbeca.net/becas_detalleprograma.php?IdPrograma=161','http://www.anahuacqro.edu.mx\r'),(198,'Maestría en Psicopedagogía',22,3,'Posgrado','Primer ingreso','80','80',0,'NA','NA','','Costo de maestría 171984.00( pesos ) total a pagar 111789.00( pesos )','jdominguez@anahuacqro.com','','http://www.fundacionbeca.net/becas_detalleprograma.php?IdPrograma=163','http://www.anahuacqro.edu.mx\r'),(199,'Maestría en Administración Pública',22,3,'Posgrado','Primer ingreso','80','80',0,'NA','NA','','Costo de maestría 234240.00( pesos ) total a pagar 152256.00( pesos )','jdominguez@anahuacqro.com','','http://www.fundacionbeca.net/becas_detalleprograma.php?IdPrograma=224','http://www.anahuacqro.edu.mx\r'),(200,'Doctorado en Análisis Estratégico y Desarrollo Sustentable',23,3,'Posgrado','Primer ingreso','80','80',0,'NA','NA','','Costo de maestría 206320.00( pesos ) total a pagar 185688.00( pesos )','posgrados.merida@anahuac.mx','','http://www.fundacionbeca.net/becas_detalleprograma.php?IdPrograma=351','http://caden.unimayab.edu.mx/\r'),(201,'Maestría en Alta Dirección',23,3,'Posgrado','Primer ingreso','80','80',0,'NA','NA','','Costo de maestría 216570.00( pesos ) total a pagar 194913.00( pesos )','posgrados.merida@anahuac.mx','','http://www.fundacionbeca.net/becas_detalleprograma.php?IdPrograma=352','http://posgrado.anahuacmayab.mx/maestria_alta_direccion.php\r'),(202,'Maestría en Finanzas',23,3,'Posgrado','Primer ingreso','80','80',0,'NA','NA','','Costo de maestría 188550.00( pesos ) total a pagar 169695.00( pesos )','posgrados.merida@anahuac.mx','','http://www.fundacionbeca.net/becas_detalleprograma.php?IdPrograma=353','http://posgrado.anahuacmayab.mx/maestria_finanzas.php\r'),(203,'Maestría en Mercadotecnia Integral',23,3,'Posgrado','Primer ingreso','80','80',0,'NA','NA','','Costo de maestría 216570.00( pesos ) total a pagar 194913.00( pesos )','posgrados.merida@anahuac.mx','','http://www.fundacionbeca.net/becas_detalleprograma.php?IdPrograma=354&ver=3','http://posgrado.anahuacmayab.mx/maestria_mercadotecnia_integral.php\r'),(204,'Maestría en Planeación y Dirección de Empresas Turísticas',23,3,'Posgrado','Primer ingreso','80','80',0,'NA','NA','','Costo de maestría 168250.00( pesos ) total a pagar 151425.00( pesos )','posgrados.merida@anahuac.mx','','http://www.fundacionbeca.net/becas_detalleprograma.php?IdPrograma=355','http://caden.unimayab.edu.mx/\r'),(205,'Maestría en Bioética',23,3,'Posgrado','Primer ingreso','80','80',0,'NA','NA','','Costo de maestría 77635.00( pesos ) total a pagar 69871.50( pesos )','posgrados.merida@anahuac.mx','','http://www.fundacionbeca.net/becas_detalleprograma.php?IdPrograma=356','http://www.unimayab.edu.mx/\r'),(206,'Doctorado en Ciencias de la Educación',23,3,'Posgrado','Primer ingreso','80','80',0,'NA','NA','','Costo de maestría 181430.00( pesos ) total a pagar 163287.00( pesos )','posgrados.merida@anahuac.mx','','http://www.fundacionbeca.net/becas_detalleprograma.php?IdPrograma=358','http://www.unimayab.edu.mx/posgrado/doctorados/doctorado_ciencias_educacion.php\r'),(207,'Maestría en Ciencias de la Educación',23,3,'Posgrado','Primer ingreso','80','80',0,'NA','NA','','Costo de maestría 111630.00( pesos ) total a pagar 100467.00( pesos )','posgrados.merida@anahuac.mx','','http://www.fundacionbeca.net/becas_detalleprograma.php?IdPrograma=359','http://www.unimayab.edu.mx/posgrado/maestrias\r'),(208,'Maestría en Filosofía',23,3,'Posgrado','Primer ingreso','80','80',0,'NA','NA','','Costo de maestría 84100.00( pesos ) total a pagar 75690.00( pesos )','posgrados.merida@anahuac.mx','','http://www.fundacionbeca.net/becas_detalleprograma.php?IdPrograma=360','http://www.unimayab.edu.mx/posgrado/maestrias\r'),(209,'Maestría en Diseño',23,3,'Posgrado','Primer ingreso','80','80',0,'NA','NA','','Costo de maestría 152660.00( pesos ) total a pagar 137394.00( pesos )','posgrados.merida@anahuac.mx','','http://www.fundacionbeca.net/becas_detalleprograma.php?IdPrograma=361','http://www.unimayab.edu.mx\r'),(210,'Doctorado en Derecho',23,3,'Posgrado','Primer ingreso','80','80',0,'NA','NA','','Costo de maestría 188740.00( pesos ) total a pagar 169866.00( pesos )','posgrados.merida@anahuac.mx','','http://www.fundacionbeca.net/becas_detalleprograma.php?IdPrograma=362','http://www.unimayab.edu.mx\r'),(211,'Maestría en Derecho Empresarial',23,3,'Posgrado','Primer ingreso','80','80',0,'NA','NA','','Costo de maestría 158100.00( pesos ) total a pagar 142290.00( pesos )','posgrados.merida@anahuac.mx','','http://www.fundacionbeca.net/becas_detalleprograma.php?IdPrograma=363','http://www.unimayab.edu.mx\r'),(212,'Maestría en Administración Pública',23,3,'Posgrado','Primer ingreso','80','80',0,'NA','NA','','Costo de maestría 168250.00( pesos ) total a pagar 151425.00( pesos )','posgrados.merida@anahuac.mx','','http://www.fundacionbeca.net/becas_detalleprograma.php?IdPrograma=364','http://www.unimayab.edu.mx\r'),(213,'Maestría en Relaciones Laborales',23,3,'Posgrado','Primer ingreso','80','80',0,'NA','NA','','Costo de maestría 147950.00( pesos ) total a pagar 133155.00( pesos )','posgrados.merida@anahuac.mx','','http://www.fundacionbeca.net/becas_detalleprograma.php?IdPrograma=365','http://www.unimayab.edu.mx\r'),(214,'Maestría en Defensa Administrativa y Fiscal',23,3,'Posgrado','Primer ingreso','80','80',0,'NA','NA','','Costo de maestría 158100.00( pesos ) total a pagar 142290.00( pesos )','posgrados.merida@anahuac.mx','','http://www.fundacionbeca.net/becas_detalleprograma.php?IdPrograma=366','http://www.unimayab.edu.mx\r'),(215,'Maestría en Ingeniería Industrial',23,3,'Posgrado','Primer ingreso','80','80',0,'NA','NA','','Costo de maestría 121000.00( pesos ) total a pagar 108900.00( pesos )','posgrados.merida@anahuac.mx','','http://www.fundacionbeca.net/becas_detalleprograma.php?IdPrograma=367','http://www.unimayab.edu.mx\r'),(216,'Maestría en Gestión de Tecnología de Información',23,3,'Posgrado','Primer ingreso','80','80',0,'NA','NA','','Costo de maestría 152660.00( pesos ) total a pagar 137394.00( pesos )','posgrados.merida@anahuac.mx','','http://www.fundacionbeca.net/becas_detalleprograma.php?IdPrograma=368','http://www.unimayab.edu.mx\r'),(217,'Maestría en Terapia Familiar',23,3,'Posgrado','Primer ingreso','80','80',0,'NA','NA','','Costo de maestría 199890.00( pesos ) total a pagar 179901.00( pesos )','posgrados.merida@anahuac.mx','','http://www.fundacionbeca.net/becas_detalleprograma.php?IdPrograma=369','http://www.unimayab.edu.mx/posgrado/maestrias/maestria_terapia_familiar.php\r'),(218,'Doctorado en Análisis Estratégico y Desarrollo Sustentable',23,3,'Posgrado','Primer ingreso','80','80',0,'NA','NA','','Costo de maestría 206320.00( pesos ) total a pagar 185688.00( pesos )','posgrados.merida@anahuac.mx','','http://www.fundacionbeca.net/becas_detalleprograma.php?IdPrograma=351','http://caden.unimayab.edu.mx/\r'),(219,'Maestría en Alta Dirección',23,3,'Posgrado','Primer ingreso','80','80',0,'NA','NA','','Costo de maestría 216570.00( pesos ) total a pagar 194913.00( pesos )','posgrados.merida@anahuac.mx','','http://www.fundacionbeca.net/becas_detalleprograma.php?IdPrograma=352','http://posgrado.anahuacmayab.mx/maestria_alta_direccion.php\r'),(220,'Maestría en Finanzas',23,3,'Posgrado','Primer ingreso','80','80',0,'NA','NA','','Costo de maestría 188550.00( pesos ) total a pagar 169695.00( pesos )','posgrados.merida@anahuac.mx','','http://www.fundacionbeca.net/becas_detalleprograma.php?IdPrograma=353','http://posgrado.anahuacmayab.mx/maestria_finanzas.php\r'),(221,'Maestría en Mercadotecnia Integral',23,3,'Posgrado','Primer ingreso','80','80',0,'NA','NA','','Costo de maestría 216570.00( pesos ) total a pagar 194913.00( pesos )','posgrados.merida@anahuac.mx','','http://www.fundacionbeca.net/becas_detalleprograma.php?IdPrograma=354&ver=3','http://posgrado.anahuacmayab.mx/maestria_mercadotecnia_integral.php\r'),(222,'Maestría en Planeación y Dirección de Empresas Turísticas',23,3,'Posgrado','Primer ingreso','80','80',0,'NA','NA','','Costo de maestría 168250.00( pesos ) total a pagar 151425.00( pesos )','posgrados.merida@anahuac.mx','','http://www.fundacionbeca.net/becas_detalleprograma.php?IdPrograma=355','http://caden.unimayab.edu.mx/\r'),(223,'Maestría en Bioética',23,3,'Posgrado','Primer ingreso','80','80',0,'NA','NA','','Costo de maestría 77635.00( pesos ) total a pagar 69871.50( pesos )','posgrados.merida@anahuac.mx','','http://www.fundacionbeca.net/becas_detalleprograma.php?IdPrograma=356','http://www.unimayab.edu.mx/\r'),(224,'Doctorado en Ciencias de la Educación',23,3,'Posgrado','Primer ingreso','80','80',0,'NA','NA','','Costo de maestría 181430.00( pesos ) total a pagar 163287.00( pesos )','posgrados.merida@anahuac.mx','','http://www.fundacionbeca.net/becas_detalleprograma.php?IdPrograma=358','http://www.unimayab.edu.mx/posgrado/doctorados/doctorado_ciencias_educacion.php\r'),(225,'Maestría en Ciencias de la Educación',23,3,'Posgrado','Primer ingreso','80','80',0,'NA','NA','','Costo de maestría 111630.00( pesos ) total a pagar 100467.00( pesos )','posgrados.merida@anahuac.mx','','http://www.fundacionbeca.net/becas_detalleprograma.php?IdPrograma=359','http://www.unimayab.edu.mx/posgrado/maestrias\r'),(226,'Maestría en Filosofía',23,3,'Posgrado','Primer ingreso','80','80',0,'NA','NA','','Costo de maestría 84100.00( pesos ) total a pagar 75690.00( pesos )','posgrados.merida@anahuac.mx','','http://www.fundacionbeca.net/becas_detalleprograma.php?IdPrograma=360','http://www.unimayab.edu.mx/posgrado/maestrias\r'),(227,'Maestría en Diseño',23,3,'Posgrado','Primer ingreso','80','80',0,'NA','NA','','Costo de maestría 152660.00( pesos ) total a pagar 137394.00( pesos )','posgrados.merida@anahuac.mx','','http://www.fundacionbeca.net/becas_detalleprograma.php?IdPrograma=361','http://www.unimayab.edu.mx\r'),(228,'Doctorado en Derecho',23,3,'Posgrado','Primer ingreso','80','80',0,'NA','NA','','Costo de maestría 188740.00( pesos ) total a pagar 169866.00( pesos )','posgrados.merida@anahuac.mx','','http://www.fundacionbeca.net/becas_detalleprograma.php?IdPrograma=362','http://www.unimayab.edu.mx\r'),(229,'Maestría en Derecho Empresarial',23,3,'Posgrado','Primer ingreso','80','80',0,'NA','NA','','Costo de maestría 158100.00( pesos ) total a pagar 142290.00( pesos )','posgrados.merida@anahuac.mx','','http://www.fundacionbeca.net/becas_detalleprograma.php?IdPrograma=363','http://www.unimayab.edu.mx\r'),(230,'Maestría en Administración Pública',23,3,'Posgrado','Primer ingreso','80','80',0,'NA','NA','','Costo de maestría 168250.00( pesos ) total a pagar 151425.00( pesos )','posgrados.merida@anahuac.mx','','http://www.fundacionbeca.net/becas_detalleprograma.php?IdPrograma=364','http://www.unimayab.edu.mx\r'),(231,'Maestría en Relaciones Laborales',23,3,'Posgrado','Primer ingreso','80','80',0,'NA','NA','','Costo de maestría 147950.00( pesos ) total a pagar 133155.00( pesos )','posgrados.merida@anahuac.mx','','http://www.fundacionbeca.net/becas_detalleprograma.php?IdPrograma=365','http://www.unimayab.edu.mx\r'),(232,'Maestría en Defensa Administrativa y Fiscal',23,3,'Posgrado','Primer ingreso','80','80',0,'NA','NA','','Costo de maestría 158100.00( pesos ) total a pagar 142290.00( pesos )','posgrados.merida@anahuac.mx','','http://www.fundacionbeca.net/becas_detalleprograma.php?IdPrograma=366','http://www.unimayab.edu.mx\r'),(233,'Maestría en Ingeniería Industrial',23,3,'Posgrado','Primer ingreso','80','80',0,'NA','NA','','Costo de maestría 121000.00( pesos ) total a pagar 108900.00( pesos )','posgrados.merida@anahuac.mx','','http://www.fundacionbeca.net/becas_detalleprograma.php?IdPrograma=367','http://www.unimayab.edu.mx\r'),(234,'Maestría en Gestión de Tecnología de Información',23,3,'Posgrado','Primer ingreso','80','80',0,'NA','NA','','Costo de maestría 152660.00( pesos ) total a pagar 137394.00( pesos )','posgrados.merida@anahuac.mx','','http://www.fundacionbeca.net/becas_detalleprograma.php?IdPrograma=368','http://www.unimayab.edu.mx\r'),(235,'Maestría en Terapia Familiar',23,3,'Posgrado','Primer ingreso','80','80',0,'NA','NA','','Costo de maestría 199890.00( pesos ) total a pagar 179901.00( pesos )','posgrados.merida@anahuac.mx','','http://www.fundacionbeca.net/becas_detalleprograma.php?IdPrograma=369','http://www.unimayab.edu.mx/posgrado/maestrias/maestria_terapia_familiar.php\r'),(236,'MBA en Dirección y Gestión de Empresas de Moda y Belleza',25,3,'Posgrado','Primer ingreso','80','80',0,'NA','NA','','Costo de maestría 275500.00( pesos ) total a pagar 236930.00( pesos )','coordinacionmexico@esden.mx','','http://www.fundacionbeca.net/becas_detalleprograma.php?IdPrograma=453&ver=1','http://www.esden.mx\r'),(237,'Doctorado en Gobierno y Gestión Pública',23,3,'Posgrado','Primer ingreso','80','80',0,'NA','NA','','Costo de maestría 208090.00( pesos ) total a pagar 187281.00( pesos )','posgrados.merida@anahuac.mx; laura.ortega@anahuac.mx','','http://www.fundacionbeca.net/becas_detalleprograma.php?IdPrograma=550','http://posgrados.anahuacmayab.mx/curso/47-doctorado_en_gobierno_y_gestion_publica_/\r'),(238,'Maestría en Auditoría',23,3,'Posgrado','Primer ingreso','80','80',0,'NA','NA','','Costo de maestría 194310.00( pesos ) total a pagar 174879.00( pesos )','posgrados.merida@anahuac.mx; laura.ortega@anahuac.mx','','http://www.fundacionbeca.net/becas_detalleprograma.php?IdPrograma=551','http://posgrados.anahuacmayab.mx/curso/80-maestria_en_auditoria/\r'),(239,'Maestría en Responsabilidad Social',23,3,'Posgrado','Primer ingreso','80','80',0,'NA','NA','','Costo de maestría 249450.00( pesos ) total a pagar 224505.00( pesos )','posgrados.merida@anahuac.mx; laura.ortega@anahuac.mx','','http://www.fundacionbeca.net/becas_detalleprograma.php?IdPrograma=552','http://posgrado.anahuacmayab.mx/maestria_responsabilidad_social.php\r'),(240,'Maestría en Ciencias Humanas',22,3,'Posgrado','Primer ingreso','80','80',0,'NA','NA','','Costo de maestría 171984.00( pesos ) total a pagar 111789.00( pesos )','jdominguez@anahuacqro.com','','http://www.fundacionbeca.net/becas_detalleprograma.php?IdPrograma=576','http://www.anahuacqro.edu.mx\r'),(241,'Maestría en Desarrollo de Capital Humano',22,3,'Posgrado','Primer ingreso','80','80',0,'NA','NA','','Costo de maestría 301440.00( pesos ) total a pagar 195936.00( pesos )','jdominguez@anahuacqro.com','','http://www.fundacionbeca.net/becas_detalleprograma.php?IdPrograma=578','http://www.anahuacqro.edu.mx\r'),(242,'Maestría en Ingeniería de Gestión Empresarial',22,3,'Posgrado','Primer ingreso','80','80',0,'NA','NA','','Costo de maestría 188400.00( pesos ) total a pagar 122460.00( pesos )','jdominguez@anahuacqro.com','','http://www.fundacionbeca.net/becas_detalleprograma.php?IdPrograma=579','http://www.anahuacqro.edu.mx\r'),(243,'Maestría en Inteligencia de Mercados',22,3,'Posgrado','Primer ingreso','80','80',0,'NA','NA','','Costo de maestría 301144.00( pesos ) total a pagar 195743.60( pesos )','jdominguez@anahuacqro.com','','http://www.fundacionbeca.net/becas_detalleprograma.php?IdPrograma=580','http://www.anahuacqro.edu.mx\r'),(244,'MBA en Dirección y Gestión de Empresas de Moda y Belleza',25,3,'Posgrado','Primer ingreso','80','80',0,'NA','NA','','Costo de maestría 275500.00( pesos ) total a pagar 236930.00( pesos )','coordinacionmexico@esden.mx','','http://www.fundacionbeca.net/becas_detalleprograma.php?IdPrograma=453&ver=1','http://www.esden.mx\r'),(245,'Doctorado en Gobierno y Gestión Pública',23,3,'Posgrado','Primer ingreso','80','80',0,'NA','NA','','Costo de maestría 208090.00( pesos ) total a pagar 187281.00( pesos )','posgrados.merida@anahuac.mx; laura.ortega@anahuac.mx','','http://www.fundacionbeca.net/becas_detalleprograma.php?IdPrograma=550','http://posgrados.anahuacmayab.mx/curso/47-doctorado_en_gobierno_y_gestion_publica_/\r'),(246,'Maestría en Auditoría',23,3,'Posgrado','Primer ingreso','80','80',0,'NA','NA','','Costo de maestría 194310.00( pesos ) total a pagar 174879.00( pesos )','posgrados.merida@anahuac.mx; laura.ortega@anahuac.mx','','http://www.fundacionbeca.net/becas_detalleprograma.php?IdPrograma=551','http://posgrados.anahuacmayab.mx/curso/80-maestria_en_auditoria/\r'),(247,'Maestría en Responsabilidad Social',23,3,'Posgrado','Primer ingreso','80','80',0,'NA','NA','','Costo de maestría 249450.00( pesos ) total a pagar 224505.00( pesos )','posgrados.merida@anahuac.mx; laura.ortega@anahuac.mx','','http://www.fundacionbeca.net/becas_detalleprograma.php?IdPrograma=552','http://posgrado.anahuacmayab.mx/maestria_responsabilidad_social.php\r'),(248,'Maestría en Ciencias Humanas',22,3,'Posgrado','Primer ingreso','80','80',0,'NA','NA','','Costo de maestría 171984.00( pesos ) total a pagar 111789.00( pesos )','jdominguez@anahuacqro.com','','http://www.fundacionbeca.net/becas_detalleprograma.php?IdPrograma=576','http://www.anahuacqro.edu.mx\r'),(249,'Maestría en Desarrollo de Capital Humano',22,3,'Posgrado','Primer ingreso','80','80',0,'NA','NA','','Costo de maestría 301440.00( pesos ) total a pagar 195936.00( pesos )','jdominguez@anahuacqro.com','','http://www.fundacionbeca.net/becas_detalleprograma.php?IdPrograma=578','http://www.anahuacqro.edu.mx\r'),(250,'Maestría en Ingeniería de Gestión Empresarial',22,3,'Posgrado','Primer ingreso','80','80',0,'NA','NA','','Costo de maestría 188400.00( pesos ) total a pagar 122460.00( pesos )','jdominguez@anahuacqro.com','','http://www.fundacionbeca.net/becas_detalleprograma.php?IdPrograma=579','http://www.anahuacqro.edu.mx\r'),(251,'Maestría en Inteligencia de Mercados',22,3,'Posgrado','Primer ingreso','80','80',0,'NA','NA','','Costo de maestría 301144.00( pesos ) total a pagar 195743.60( pesos )','jdominguez@anahuacqro.com','','http://www.fundacionbeca.net/becas_detalleprograma.php?IdPrograma=580','http://www.anahuacqro.edu.mx\r'),(252,'Doctorado en Derecho',22,3,'Posgrado','Primer ingreso','80','80',0,'NA','NA','','Costo de maestría 208090.00( pesos ) total a pagar 135258.50( pesos )','jdominguez@anahuacqro.com','','http://www.fundacionbeca.net/becas_detalleprograma.php?IdPrograma=581','http://www.anahuacqro.edu.mx\r'),(253,'Maestría en Relaciones Públicas y Publicidad',23,3,'Posgrado','Primer ingreso','80','80',0,'NA','NA','','Costo de maestría 154110.00( pesos ) total a pagar 138699.00( pesos )','laura.ortega@anahuac.mx; posgrados.merida@anahuac.mx','','http://www.fundacionbeca.net/becas_detalleprograma.php?IdPrograma=582','http://www.unimayab.edu.mx\r'),(254,'Maestría en Dirección Estratégica de Capital Humano',23,3,'Posgrado','Primer ingreso','80','80',0,'NA','NA','','Costo de maestría 188550.00( pesos ) total a pagar 169695.00( pesos )','laura.ortega@anahuac.mx; posgrados.merida@anahuac.mx','','http://www.fundacionbeca.net/becas_detalleprograma.php?IdPrograma=583','http://www.unimayab.edu.mx\r'),(255,'Master en Digital Business',25,3,'Posgrado','Primer ingreso','80','80',0,'NA','NA','','Costo de maestría 175000.00( pesos ) total a pagar 150500.00( pesos )','coordinacionmexico@esden.mx','','http://www.fundacionbeca.net/becas_detalleprograma.php?IdPrograma=686','http://www.esden.mx\r'),(256,'Doctorado en Derecho',22,3,'Posgrado','Primer ingreso','80','80',0,'NA','NA','','Costo de maestría 208090.00( pesos ) total a pagar 135258.50( pesos )','jdominguez@anahuacqro.com','','http://www.fundacionbeca.net/becas_detalleprograma.php?IdPrograma=581','http://www.anahuacqro.edu.mx\r'),(257,'Maestría en Relaciones Públicas y Publicidad',23,3,'Posgrado','Primer ingreso','80','80',0,'NA','NA','','Costo de maestría 154110.00( pesos ) total a pagar 138699.00( pesos )','laura.ortega@anahuac.mx; posgrados.merida@anahuac.mx','','http://www.fundacionbeca.net/becas_detalleprograma.php?IdPrograma=582','http://www.unimayab.edu.mx\r'),(258,'Maestría en Dirección Estratégica de Capital Humano',23,3,'Posgrado','Primer ingreso','80','80',0,'NA','NA','','Costo de maestría 188550.00( pesos ) total a pagar 169695.00( pesos )','laura.ortega@anahuac.mx; posgrados.merida@anahuac.mx','','http://www.fundacionbeca.net/becas_detalleprograma.php?IdPrograma=583','http://www.unimayab.edu.mx\r'),(259,'Maestría en Dirección de las Tecnologías y Comunicaciones',23,3,'Posgrado','Primer ingreso','80','80',0,'NA','NA','','Costo de maestría 178000.00( pesos ) total a pagar 160200.00( pesos )','laura.ortega@anahuac.mx; posgrados.merida@anahuac.mx','','http://www.fundacionbeca.net/becas_detalleprograma.php?IdPrograma=745','http://posgrado.anahuacmayab.mx\r'),(260,'Maestría en Interiorismo Sustentable',23,3,'Posgrado','Primer ingreso','80','80',0,'NA','NA','','Costo de maestría 146270.00( pesos ) total a pagar 131643.00( pesos )','laura.ortega@anahuac.mx; posgrados.merida@anahuac.mx','','http://www.fundacionbeca.net/becas_detalleprograma.php?IdPrograma=746','http://posgrado.anahuacmayab.mx\r'),(261,'Maestría en Nutrición Clínica',23,3,'Posgrado','Primer ingreso','80','80',0,'NA','NA','','Costo de maestría 146380.00( pesos ) total a pagar 131742.00( pesos )','laura.ortega@anahuac.mx; posgrados.merida@anahuac.mx','','http://www.fundacionbeca.net/becas_detalleprograma.php?IdPrograma=747','http://posgrado.anahuacmayab.mx\r'),(262,'LLM International and European Public Law',26,3,'Posgrado','Primer ingreso','80','80',0,'NA','NA','','Costo de maestría 14000.00( euros ) total a pagar 11900.00( euros )','studylaw@tilburguniversity.edu','','http://www.fundacionbeca.net/becas_detalleprograma.php?IdPrograma=29','http://www.tilburguniversity.nl/masters/iepl/application\r'),(263,'LLM International Business Law',26,3,'Posgrado','Primer ingreso','80','80',0,'NA','NA','','Costo de maestría 14000.00( euros ) total a pagar 11900.00( euros )','studylaw@tilburguniversity.edu','','http://www.fundacionbeca.net/becas_detalleprograma.php?IdPrograma=32','http://www.tilburguniversity.nl/masters/ibl\r'),(264,'LLM Law and Technology',26,3,'Posgrado','Primer ingreso','80','80',0,'NA','NA','','Costo de maestría 14000.00( euros ) total a pagar 11900.00( euros )','studylaw@tilburguniversity.edu','','http://www.fundacionbeca.net/becas_detalleprograma.php?IdPrograma=34','http://www.tilburguniversity.nl/lawandtechnology\r'),(265,'International Business Tax Law',26,3,'Posgrado','Primer ingreso','80','80',0,'NA','NA','','Costo de maestría 14000.00( euros ) total a pagar 11050.00( euros )','studylaw@tilburguniversity.edu','','http://www.fundacionbeca.net/becas_detalleprograma.php?IdPrograma=482','http://www.tilburguniversity.edu/education/masters-programmes/international-business-tax-law/\r'),(266,'Victimology and Criminal Justice',26,3,'Posgrado','Primer ingreso','80','80',0,'NA','NA','','Costo de maestría 14000.00( euros ) total a pagar 11050.00( euros )','studylaw@tilburguniversity.edu','','http://www.fundacionbeca.net/becas_detalleprograma.php?IdPrograma=483','http://www.tilburguniversity.nl/masters/ibl\r'),(267,'Maestría en Dirección de las Tecnologías y Comunicaciones',23,3,'Posgrado','Primer ingreso','80','80',0,'NA','NA','','Costo de maestría 178000.00( pesos ) total a pagar 160200.00( pesos )','laura.ortega@anahuac.mx; posgrados.merida@anahuac.mx','','http://www.fundacionbeca.net/becas_detalleprograma.php?IdPrograma=745','http://posgrado.anahuacmayab.mx\r'),(268,'Maestría en Interiorismo Sustentable',23,3,'Posgrado','Primer ingreso','80','80',0,'NA','NA','','Costo de maestría 146270.00( pesos ) total a pagar 131643.00( pesos )','laura.ortega@anahuac.mx; posgrados.merida@anahuac.mx','','http://www.fundacionbeca.net/becas_detalleprograma.php?IdPrograma=746','http://posgrado.anahuacmayab.mx\r'),(269,'Maestría en Nutrición Clínica',23,3,'Posgrado','Primer ingreso','80','80',0,'NA','NA','','Costo de maestría 146380.00( pesos ) total a pagar 131742.00( pesos )','laura.ortega@anahuac.mx; posgrados.merida@anahuac.mx','','http://www.fundacionbeca.net/becas_detalleprograma.php?IdPrograma=747','http://posgrado.anahuacmayab.mx\r'),(270,'LLM International and European Public Law',26,3,'Posgrado','Primer ingreso','80','80',0,'NA','NA','','Costo de maestría 14000.00( euros ) total a pagar 11900.00( euros )','studylaw@tilburguniversity.edu','','http://www.fundacionbeca.net/becas_detalleprograma.php?IdPrograma=29','http://www.tilburguniversity.nl/masters/iepl/application\r'),(271,'LLM International Business Law',26,3,'Posgrado','Primer ingreso','80','80',0,'NA','NA','','Costo de maestría 14000.00( euros ) total a pagar 11900.00( euros )','studylaw@tilburguniversity.edu','','http://www.fundacionbeca.net/becas_detalleprograma.php?IdPrograma=32','http://www.tilburguniversity.nl/masters/ibl\r'),(272,'LLM Law and Technology',26,3,'Posgrado','Primer ingreso','80','80',0,'NA','NA','','Costo de maestría 14000.00( euros ) total a pagar 11900.00( euros )','studylaw@tilburguniversity.edu','','http://www.fundacionbeca.net/becas_detalleprograma.php?IdPrograma=34','http://www.tilburguniversity.nl/lawandtechnology\r'),(273,'International Business Tax Law',26,3,'Posgrado','Primer ingreso','80','80',0,'NA','NA','','Costo de maestría 13000.00( euros ) total a pagar 11050.00( euros )','studylaw@tilburguniversity.edu','','http://www.fundacionbeca.net/becas_detalleprograma.php?IdPrograma=482','http://www.tilburguniversity.edu/education/masters-programmes/international-business-tax-law/\r'),(274,'Victimology and Criminal Justice',26,3,'Posgrado','Primer ingreso','80','80',0,'NA','NA','','Costo de maestría 13000.00( euros ) total a pagar 11050.00( euros )','studylaw@tilburguniversity.edu','','http://www.fundacionbeca.net/becas_detalleprograma.php?IdPrograma=483','http://www.tilburguniversity.nl/masters/ibl\r'),(275,'LLM Research Master in Law',26,3,'Posgrado','Primer ingreso','80','80',0,'NA','NA','','Costo de maestría 13000.00( euros ) total a pagar 11050.00( euros )','studylaw@tilburguniversity.edu','','http://www.fundacionbeca.net/becas_detalleprograma.php?IdPrograma=492','http://www.tilburguniversity.edu/education/masters-programmes/remalaw/\r'),(276,'Executive Máster en Dirección de Empresas (MBA)',45,3,'Posgrado','Primer ingreso','80','80',0,'NA','NA','','Costo de maestría 14000.00( euros ) total a pagar 11050.00( euros )','orodriguez.en@ceu.es','','http://www.fundacionbeca.net/becas_detalleprograma.php?IdPrograma=41','http://www.posgrado.uspceu.es/pages/mba-business-administration/presentacion.html?ID_M=103\r'),(277,'Executive Máster en Urbanismo y Ordenación del Territorio',45,3,'Posgrado','Primer ingreso','80','80',0,'NA','NA','','Costo de maestría 14000.00( euros ) total a pagar 11050.00( euros )','orodriguez.en@ceu.es','','http://www.fundacionbeca.net/becas_detalleprograma.php?IdPrograma=52','http://www.posgrado.uspceu.es/pages/urbanismo_ordenacion_executive/presentacion.html?ID_M=74\r'),(278,'Official Master in International Business Law',45,3,'Posgrado','Primer ingreso','80','80',0,'NA','NA','','Costo de maestría 14000.00( euros ) total a pagar 11050.00( euros )','idiezordas.en@ceu.es','','http://www.fundacionbeca.net/becas_detalleprograma.php?IdPrograma=54','http://www.en.ceu.es\r'),(279,'Máster en Bolsa y Mercados Financieros',27,3,'Posgrado','Primer ingreso','80','80',0,'NA','NA','','Costo de maestría 14000.00( euros ) total a pagar 11050.00( euros )','programas@ieb.es','','http://www.fundacionbeca.net/becas_detalleprograma.php?IdPrograma=107','http://www.ieb.es\r'),(280,'MBA con Especialidad en Finanzas (IEB)',27,3,'Posgrado','Primer ingreso','80','80',0,'NA','NA','','Costo de maestría 14000.00( euros ) total a pagar 11050.00( euros )','coordinacionmba@ieb.es','','http://www.fundacionbeca.net/becas_detalleprograma.php?IdPrograma=112','http://www.ieb.es\r'),(281,'Máster Universitario en Dirección de Arte en Publicidad',28,3,'Posgrado','Primer ingreso','80','80',0,'NA','NA','','Costo de maestría 14000.00( euros ) total a pagar 11050.00( euros )','nuriaPG@blanquerna.url.edu','','http://www.fundacionbeca.net/becas_detalleprograma.php?IdPrograma=126','http://www.blanquerna.edu/es/master-universitario-direccion-arte-publicidad\r'),(282,'Máster Universitario en Acción Política Fortalecimiento Institucional y Participación Ciudadana',29,3,'Posgrado','Primer ingreso','80','80',0,'NA','NA','','Costo de maestría 14000.00( euros ) total a pagar 11050.00( euros )','postgrado@ufv.es','','http://www.fundacionbeca.net/becas_detalleprograma.php?IdPrograma=173','www.postgrado.ufv.es\r'),(283,'LLM Research Master in Law',26,3,'Posgrado','Primer ingreso','80','80',0,'NA','NA','','Costo de maestría 13000.00( euros ) total a pagar 11050.00( euros )','studylaw@tilburguniversity.edu','','http://www.fundacionbeca.net/becas_detalleprograma.php?IdPrograma=492','http://www.tilburguniversity.edu/education/masters-programmes/remalaw/\r'),(284,'Executive Máster en Dirección de Empresas (MBA)',45,3,'Posgrado','Primer ingreso','80','80',0,'NA','NA','','Costo de maestría 14000.00( euros ) total a pagar 11050.00( euros )','orodriguez.en@ceu.es','','http://www.fundacionbeca.net/becas_detalleprograma.php?IdPrograma=41','http://www.posgrado.uspceu.es/pages/mba-business-administration/presentacion.html?ID_M=103\r'),(285,'Executive Máster en Urbanismo y Ordenación del Territorio',45,3,'Posgrado','Primer ingreso','80','80',0,'NA','NA','','Costo de maestría 14000.00( euros ) total a pagar 11050.00( euros )','orodriguez.en@ceu.es','','http://www.fundacionbeca.net/becas_detalleprograma.php?IdPrograma=52','http://www.posgrado.uspceu.es/pages/urbanismo_ordenacion_executive/presentacion.html?ID_M=74\r'),(286,'Official Master in International Business Law',45,3,'Posgrado','Primer ingreso','80','80',0,'NA','NA','','Costo de maestría 14000.00( euros ) total a pagar 11050.00( euros )','idiezordas.en@ceu.es','','http://www.fundacionbeca.net/becas_detalleprograma.php?IdPrograma=54','http://www.en.ceu.es\r'),(287,'Máster en Bolsa y Mercados Financieros',27,3,'Posgrado','Primer ingreso','80','80',0,'NA','NA','','Costo de maestría 14000.00( euros ) total a pagar 11050.00( euros )','programas@ieb.es','','http://www.fundacionbeca.net/becas_detalleprograma.php?IdPrograma=107','http://www.ieb.es\r'),(288,'MBA con Especialidad en Finanzas (IEB)',27,3,'Posgrado','Primer ingreso','80','80',0,'NA','NA','','Costo de maestría 14000.00( euros ) total a pagar 11050.00( euros )','coordinacionmba@ieb.es','','http://www.fundacionbeca.net/becas_detalleprograma.php?IdPrograma=112','http://www.ieb.es\r'),(289,'Máster Universitario en Dirección de Arte en Publicidad',28,3,'Posgrado','Primer ingreso','80','80',0,'NA','NA','','Costo de maestría 14000.00( euros ) total a pagar 11050.00( euros )','nuriaPG@blanquerna.url.edu','','http://www.fundacionbeca.net/becas_detalleprograma.php?IdPrograma=126','http://www.blanquerna.edu/es/master-universitario-direccion-arte-publicidad\r'),(290,'Máster Universitario en Acción Política Fortalecimiento Institucional y Participación Ciudadana',29,3,'Posgrado','Primer ingreso','80','80',0,'NA','NA','','Costo de maestría 14000.00( euros ) total a pagar 11050.00( euros )','postgrado@ufv.es','','http://www.fundacionbeca.net/becas_detalleprograma.php?IdPrograma=173','www.postgrado.ufv.es\r'),(291,'Universidad Francisco de Vitoria   España   Español',30,3,'Posgrado','Primer ingreso','80','80',0,'NA','NA','','Costo de maestría 14000.00( euros ) total a pagar 11050.00( euros )','postgrado@ufv.es','','http://www.fundacionbeca.net/becas_detalleprograma.php?IdPrograma=175','www.postgrado.ufv.es\r'),(292,'Universidad Francisco de Vitoria   España   Español',31,3,'Posgrado','Primer ingreso','80','80',0,'NA','NA','','Costo de maestría 14000.00( euros ) total a pagar 11050.00( euros )','postgrado@ufv.es','','http://www.fundacionbeca.net/becas_detalleprograma.php?IdPrograma=184','www.postgrado.ufv.es\r'),(293,'Universidad Francisco de Vitoria   España   Español',32,3,'Posgrado','Primer ingreso','80','80',0,'NA','NA','','Costo de maestría 14000.00( euros ) total a pagar 11050.00( euros )','postgrado@ufv.es','','http://www.fundacionbeca.net/becas_detalleprograma.php?IdPrograma=186','www.postgrado.ufv.es\r'),(294,'Universidad Francisco de Vitoria   España   Español',33,3,'Posgrado','Primer ingreso','80','80',0,'NA','NA','','Costo de maestría 14000.00( euros ) total a pagar 11050.00( euros )','postgrado@ufv.es','','http://www.fundacionbeca.net/becas_detalleprograma.php?IdPrograma=190','www.postgrado.ufv.es\r'),(295,'Universidad Francisco de Vitoria   España   Español',34,3,'Posgrado','Primer ingreso','80','80',0,'NA','NA','','Costo de maestría 14000.00( euros ) total a pagar 11050.00( euros )','postgrado@ufv.es','','http://www.fundacionbeca.net/becas_detalleprograma.php?IdPrograma=191','www.postgrado.ufv.es\r'),(296,'ESCP Europe   España   Inglés',35,3,'Posgrado','Primer ingreso','80','80',0,'NA','NA','','Costo de maestría 14000.00( euros ) total a pagar 11050.00( euros )','amoreno@escpeurope.eu','','http://www.fundacionbeca.net/becas_detalleprograma.php?IdPrograma=370','http://www.escpeurope.eu/meb\r'),(297,'ESCP Europe   España   Inglés',36,3,'Posgrado','Primer ingreso','80','80',0,'NA','NA','','Costo de maestría 14000.00( euros ) total a pagar 11050.00( euros )','egarde@escpeurope.eu','','http://www.fundacionbeca.net/becas_detalleprograma.php?IdPrograma=371','http://escpeuro.pe/1x0Jd2I\r'),(298,'Escuela de Organización Industrial   España   Español',37,3,'Posgrado','Primer ingreso','80','80',0,'NA','NA','','Costo de maestría 14000.00( euros ) total a pagar 11050.00( euros )','nuria.alcala@eoi.es','','http://www.fundacionbeca.net/becas_detalleprograma.php?IdPrograma=384','http://www.eoi.es/es/cursos/16517/mba-full-time-especialidad-espanolingles-sevilla\r'),(299,'Escuela de Periodismo y Comunicación de Unidad Editorial (El Mundo Marca y Expansión)   España   Español',38,3,'Posgrado','Primer ingreso','80','80',0,'NA','NA','','Costo de maestría 14000.00( euros ) total a pagar 11050.00( euros )','Adela.rodero@colaboradoresunidadeditorial.es','','http://www.fundacionbeca.net/becas_detalleprograma.php?IdPrograma=415','http://www.escuelaunidadeditorial.es/master-moda.html\r'),(300,'Universidad Francisco de Vitoria   España   Español',30,3,'Posgrado','Primer ingreso','80','80',0,'NA','NA','','Costo de maestría 14000.00( euros ) total a pagar 11050.00( euros )','postgrado@ufv.es','','http://www.fundacionbeca.net/becas_detalleprograma.php?IdPrograma=175','www.postgrado.ufv.es\r'),(301,'Universidad Francisco de Vitoria   España   Español',31,3,'Posgrado','Primer ingreso','80','80',0,'NA','NA','','Costo de maestría 14000.00( euros ) total a pagar 11050.00( euros )','postgrado@ufv.es','','http://www.fundacionbeca.net/becas_detalleprograma.php?IdPrograma=184','www.postgrado.ufv.es\r'),(302,'Universidad Francisco de Vitoria   España   Español',32,3,'Posgrado','Primer ingreso','80','80',0,'NA','NA','','Costo de maestría 14000.00( euros ) total a pagar 11050.00( euros )','postgrado@ufv.es','','http://www.fundacionbeca.net/becas_detalleprograma.php?IdPrograma=186','www.postgrado.ufv.es\r'),(303,'Universidad Francisco de Vitoria   España   Español',33,3,'Posgrado','Primer ingreso','80','80',0,'NA','NA','','Costo de maestría 14000.00( euros ) total a pagar 11050.00( euros )','postgrado@ufv.es','','http://www.fundacionbeca.net/becas_detalleprograma.php?IdPrograma=190','www.postgrado.ufv.es\r'),(304,'Universidad Francisco de Vitoria   España   Español',34,3,'Posgrado','Primer ingreso','80','80',0,'NA','NA','','Costo de maestría 14000.00( euros ) total a pagar 11050.00( euros )','postgrado@ufv.es','','http://www.fundacionbeca.net/becas_detalleprograma.php?IdPrograma=191','www.postgrado.ufv.es\r'),(305,'ESCP Europe   España   Inglés',35,3,'Posgrado','Primer ingreso','80','80',0,'NA','NA','','Costo de maestría 14000.00( euros ) total a pagar 11050.00( euros )','amoreno@escpeurope.eu','','http://www.fundacionbeca.net/becas_detalleprograma.php?IdPrograma=370','http://www.escpeurope.eu/meb\r'),(306,'ESCP Europe   España   Inglés',36,3,'Posgrado','Primer ingreso','80','80',0,'NA','NA','','Costo de maestría 14000.00( euros ) total a pagar 11050.00( euros )','egarde@escpeurope.eu','','http://www.fundacionbeca.net/becas_detalleprograma.php?IdPrograma=371','http://escpeuro.pe/1x0Jd2I\r'),(307,'ESCP Europe   España   Inglés',39,3,'Posgrado','Primer ingreso','80','80',0,'NA','NA','','Costo de maestría 14000.00( euros ) total a pagar 11050.00( euros )','egarde@escpeurope.eu','','http://www.fundacionbeca.net/becas_detalleprograma.php?IdPrograma=372','http://escpeuro.pe/1x0Jv9S\r'),(308,'Escuela de Organización Industrial',37,3,'Posgrado','Primer ingreso','80','80',0,'NA','NA','','Costo de maestría 14000.00( euros ) total a pagar 11050.00( euros )','nuria.alcala@eoi.es','','http://www.fundacionbeca.net/becas_detalleprograma.php?IdPrograma=384','http://www.eoi.es/es/cursos/16517/mba-full-time-especialidad-espanolingles-sevilla\r'),(309,'Escuela de Periodismo y Comunicación de Unidad Editorial (El Mundo Marca y Expansión)   España   Español',38,3,'Posgrado','Primer ingreso','80','80',0,'NA','NA','','Costo de maestría 14000.00( euros ) total a pagar 11050.00( euros )','Adela.rodero@colaboradoresunidadeditorial.es','','http://www.fundacionbeca.net/becas_detalleprograma.php?IdPrograma=415','http://www.escuelaunidadeditorial.es/master-moda.html\r'),(310,'Máster Oficial en Periodismo de El Mundo',40,3,'Posgrado','Primer ingreso','80','80',0,'NA','NA','','Costo de maestría 11900.00( euros ) total a pagar 10115.00( euros )','informacion@masterperiodismo.com','','http://www.fundacionbeca.net/becas_detalleprograma.php?IdPrograma=418','informacion@masterperiodismo.com\r'),(311,'Máster Universitario en Terapias Avanzadas e Innovación Tecnológica',29,3,'Posgrado','Primer ingreso','80','80',0,'NA','NA','','Costo de maestría 11500.00( euros ) total a pagar 7475.00( euros )','postgrado@ufv.es','','http://www.fundacionbeca.net/becas_detalleprograma.php?IdPrograma=422','www.postgrado.ufv.es\r'),(312,'MBA',41,3,'Posgrado','Primer ingreso','80','80',0,'NA','NA','','Costo de maestría 19188.00( euros ) total a pagar 11512.80( euros )','informacion.madrid@escuelaeuropea.eu','','http://www.fundacionbeca.net/becas_detalleprograma.php?IdPrograma=427','www.escuelaeuropea.eu/ES/sede-madrid/sede/es\r'),(313,'Master Global en Project Management (online + 2 semanas en Madrid)',24,3,'Posgrado','Primer ingreso','80','80',0,'NA','NA','','Costo de maestría 10500.00( euros ) total a pagar 8715.00( euros )','coordinacionmexico@esden.mx','','http://www.fundacionbeca.net/becas_detalleprograma.php?IdPrograma=455','http://www.esden.mx\r'),(314,'MBA – Master in Management con especialización en Dirección y Gestión de Recursos Humanos',24,3,'Posgrado','Primer ingreso','80','80',0,'NA','NA','','Costo de maestría 14500.00( euros ) total a pagar 11890.00( euros )','coordinacionmexico@esden.mx','','http://www.fundacionbeca.net/becas_detalleprograma.php?IdPrograma=466','www.esden.es\r'),(315,'MBA con especialización en Dirección de Hoteles',24,3,'Posgrado','Primer ingreso','80','80',0,'NA','NA','','Costo de maestría 14500.00( euros ) total a pagar 11890.00( euros )','coordinacionmexico@esden.mx','','http://www.fundacionbeca.net/becas_detalleprograma.php?IdPrograma=485','www.esden.es\r'),(316,'MBA Especialidad en Comercio Exterior ONLINE',42,3,'Posgrado','Primer ingreso','80','80',0,'NA','NA','','Costo de maestría 7500.00( euros ) total a pagar 4500.00( euros )','admision@ealde.es','','http://www.fundacionbeca.net/becas_detalleprograma.php?IdPrograma=513','http://www.ealde.es/\r'),(317,'MBA en Empresas Agroalimentarias - ONLINE',43,3,'Posgrado','Primer ingreso','80','80',0,'NA','NA','','Costo de maestría 8215.00( euros ) total a pagar 5750.50( euros )','elena.caceres@grupoioe.es','','http://www.fundacionbeca.net/becas_detalleprograma.php?IdPrograma=532','http://www.grupoioe.es/catalogo/cursos/mba-en-empresas-agroalimentarias---universidad-de-alcala/435/\r'),(318,'Maestría Internacional en Seguridad y Salud Laboral (con RVOE) -Opción Doble Titulación - ONLINE',43,3,'Posgrado','Primer ingreso','80','80',0,'NA','NA','','Costo de maestría 14281.00( euros ) total a pagar 9996.70( euros )','elena.caceres@grupoioe.es','','http://www.fundacionbeca.net/becas_detalleprograma.php?IdPrograma=538','http://www.grupoioe.es/catalogo/cursos/\r'),(319,'Máster Universitario en Ficción en Cine y Televisión Guión Producción y Realización',28,3,'Posgrado','Primer ingreso','80','80',0,'NA','NA','','Costo de maestría 6900.00( euros ) total a pagar 6210.00( euros )','nuriaPG@blanquerna.url.edu','','http://www.fundacionbeca.net/becas_detalleprograma.php?IdPrograma=539&ver=1','http://www.blanquerna.url.edu/web/Default.aspx?lang=_es\r'),(320,'Máster Oficial en Periodismo de El Mundo',40,3,'Posgrado','Primer ingreso','80','80',0,'NA','NA','','Costo de maestría 11900.00( euros ) total a pagar 10115.00( euros )','informacion@masterperiodismo.com','','http://www.fundacionbeca.net/becas_detalleprograma.php?IdPrograma=418','informacion@masterperiodismo.com\r'),(321,'Máster Universitario en Terapias Avanzadas e Innovación Tecnológica',29,3,'Posgrado','Primer ingreso','80','80',0,'NA','NA','','Costo de maestría 11500.00( euros ) total a pagar 7475.00( euros )','postgrado@ufv.es','','http://www.fundacionbeca.net/becas_detalleprograma.php?IdPrograma=422','www.postgrado.ufv.es\r'),(322,'MBA',41,3,'Posgrado','Primer ingreso','80','80',0,'NA','NA','','Costo de maestría 19188.00( euros ) total a pagar 11512.80( euros )','informacion.madrid@escuelaeuropea.eu','','http://www.fundacionbeca.net/becas_detalleprograma.php?IdPrograma=427','www.escuelaeuropea.eu/ES/sede-madrid/sede/es\r'),(323,'Master Global en Project Management (online + 2 semanas en Madrid)',24,3,'Posgrado','Primer ingreso','80','80',0,'NA','NA','','Costo de maestría 10500.00( euros ) total a pagar 8715.00( euros )','coordinacionmexico@esden.mx','','http://www.fundacionbeca.net/becas_detalleprograma.php?IdPrograma=455','http://www.esden.mx\r'),(324,'MBA – Master in Management con especialización en Dirección y Gestión de Recursos Humanos',24,3,'Posgrado','Primer ingreso','80','80',0,'NA','NA','','Costo de maestría 14500.00( euros ) total a pagar 11890.00( euros )','coordinacionmexico@esden.mx','','http://www.fundacionbeca.net/becas_detalleprograma.php?IdPrograma=466','www.esden.es\r'),(325,'MBA con especialización en Dirección de Hoteles',24,3,'Posgrado','Primer ingreso','80','80',0,'NA','NA','','Costo de maestría 14500.00( euros ) total a pagar 11890.00( euros )','coordinacionmexico@esden.mx','','http://www.fundacionbeca.net/becas_detalleprograma.php?IdPrograma=485','www.esden.es\r'),(326,'MBA Especialidad en Comercio Exterior ONLINE',42,3,'Posgrado','Primer ingreso','80','80',0,'NA','NA','','Costo de maestría 7500.00( euros ) total a pagar 4500.00( euros )','admision@ealde.es','','http://www.fundacionbeca.net/becas_detalleprograma.php?IdPrograma=513','http://www.ealde.es/\r'),(327,'MBA en Empresas Agroalimentarias - ONLINE',43,3,'Posgrado','Primer ingreso','80','80',0,'NA','NA','','Costo de maestría 8215.00( euros ) total a pagar 5750.50( euros )','elena.caceres@grupoioe.es','','http://www.fundacionbeca.net/becas_detalleprograma.php?IdPrograma=532','http://www.grupoioe.es/catalogo/cursos/mba-en-empresas-agroalimentarias---universidad-de-alcala/435/\r'),(328,'Maestría Internacional en Seguridad y Salud Laboral (con RVOE) -Opción Doble Titulación - ONLINE',43,3,'Posgrado','Primer ingreso','80','80',0,'NA','NA','','Costo de maestría 14281.00( euros ) total a pagar 9996.70( euros )','elena.caceres@grupoioe.es','','http://www.fundacionbeca.net/becas_detalleprograma.php?IdPrograma=538','http://www.grupoioe.es/catalogo/cursos/\r'),(329,'Máster Universitario en Ficción en Cine y Televisión Guión Producción y Realización',28,3,'Posgrado','Primer ingreso','80','80',0,'NA','NA','','Costo de maestría 6900.00( euros ) total a pagar 6210.00( euros )','nuriaPG@blanquerna.url.edu','','http://www.fundacionbeca.net/becas_detalleprograma.php?IdPrograma=539&ver=1','http://www.blanquerna.url.edu/web/Default.aspx?lang=_es\r');
/*!40000 ALTER TABLE `becas` ENABLE KEYS */;
UNLOCK TABLES;

--
-- Table structure for table `carreras`
--

DROP TABLE IF EXISTS `carreras`;
/*!40101 SET @saved_cs_client     = @@character_set_client */;
/*!40101 SET character_set_client = utf8 */;
CREATE TABLE `carreras` (
  `ID_Carrera` int(11) NOT NULL AUTO_INCREMENT,
  `Nombre_Carrera` varchar(255) DEFAULT NULL,
  PRIMARY KEY (`ID_Carrera`)
) ENGINE=InnoDB AUTO_INCREMENT=13 DEFAULT CHARSET=utf8;
/*!40101 SET character_set_client = @saved_cs_client */;

--
-- Dumping data for table `carreras`
--

LOCK TABLES `carreras` WRITE;
/*!40000 ALTER TABLE `carreras` DISABLE KEYS */;
INSERT INTO `carreras` VALUES (1,'Administracion'),(2,'Abogacía'),(3,'Psicología'),(4,'Contabilidad'),(5,'Economía'),(6,'Finanzas'),(7,'Artes y Humanidades'),(8,'Arquitectura'),(9,'Ingeniería'),(10,'Diseño Industrial'),(11,'Enseñanza'),(12,'Medicina');
/*!40000 ALTER TABLE `carreras` ENABLE KEYS */;
UNLOCK TABLES;

--
-- Table structure for table `escuelas`
--

DROP TABLE IF EXISTS `escuelas`;
/*!40101 SET @saved_cs_client     = @@character_set_client */;
/*!40101 SET character_set_client = utf8 */;
CREATE TABLE `escuelas` (
  `ID_Escuela` int(11) NOT NULL AUTO_INCREMENT,
  `Nombre_Escuela` varchar(255) NOT NULL,
  `Nombre_Campus` varchar(255) DEFAULT NULL,
  `Descripcion_Escuela` varchar(300) DEFAULT NULL,
  `ID_Pais` varchar(10) NOT NULL,
  PRIMARY KEY (`ID_Escuela`),
  KEY `ID_Pais_idx` (`ID_Pais`),
  CONSTRAINT `ID_Pais` FOREIGN KEY (`ID_Pais`) REFERENCES `paises` (`ID_Pais`) ON DELETE NO ACTION ON UPDATE CASCADE
) ENGINE=InnoDB AUTO_INCREMENT=46 DEFAULT CHARSET=utf8;
/*!40101 SET character_set_client = @saved_cs_client */;

--
-- Dumping data for table `escuelas`
--

LOCK TABLES `escuelas` WRITE;
/*!40000 ALTER TABLE `escuelas` DISABLE KEYS */;
INSERT INTO `escuelas` VALUES (1,'ITESM','Monterrey','','MX\r'),(2,'UDEM','Monterrey','','MX\r'),(3,'U-ERRE','Monterrey','','MX\r'),(4,'UANE','Monterrey','','MX\r'),(5,'CEU','Monterrey','','MX\r'),(6,'ISAC','Monterrey','','MX\r'),(7,'FLDM','Monterrey','','MX\r'),(8,'UNEZ','Monterrey','','MX\r'),(9,'UTSC','Monterrey','','MX\r'),(10,'UP','México','','MX\r'),(11,'IPN','México','','MX\r'),(12,'UNAM','México','','MX\r'),(13,'UAM','México','','MX\r'),(14,'COMEXUS','','','MX\r'),(15,'Zagreb School of Economics and Management','','','HR\r'),(16,'ESC Rennes School of Business','','','FR\r'),(17,'Audencia Nantes School of Management','','','FR\r'),(18,'La Rochelle Business School','','','FR\r'),(19,'University of Applied Sciences Offenburg','','','DE\r'),(20,'GISMA Business School','','','DE\r'),(21,'Centro Panamericano de Humanidades','','','MX\r'),(22,'Universidad Anáhuac Querétaro','','','MX\r'),(23,'Universidad del Mayab','','','MX\r'),(24,'ESDEN BUSINESS SCHOOL','','','ES\r'),(25,'ESDEN BUSINESS SCHOOL MÉXICO','','','MX\r'),(26,'University of Tilburg','','','NE\r'),(27,'Escuela de Negocios CEU','','','ES\r'),(28,'Instituto de Estudios Bursátiles','','','ES\r'),(29,'Universitat Ramon Llull','','','ES\r'),(30,'Universidad Francisco de Vitoria','','','ES\r'),(31,'Máster Universitario en Humanidades','','','ES\r'),(32,'Máster Universitario en Dirección y Gestión de la Calidad de Centros Educativos','','','ES\r'),(33,'Máster Universitario en Banca Privada y Gestión de Inversiones','','','ES\r'),(34,'Máster Universitario en Periodismo Audiovisual','','','ES\r'),(35,'Máster Universitario en Producción y Realización en Radio y TV','','','ES\r'),(36,'Master in European Business','','','ES\r'),(37,'MSC en Marketing y Medios Digitales','','','ES\r'),(38,'MBA Full Time con Especialidades','','','ES\r'),(39,'Máster Oficial en Comunicación de Moda y Belleza Telva & Yo Dona','','','ES\r'),(40,'Máster en Dirección Internacional de Proyectos','','','ES\r'),(41,'Escuela de Periodismo y Comunicación de Unidad Editorial','','','ES\r'),(42,'Escuela Europea de Negocios','','','ES\r'),(43,'EALDE Business School','','','ES\r'),(44,'Universidad Alcalá de Henares','','','ES\r'),(45,'Grupo IOE- Universidad Alcalá de Henares','','','ES\r');
/*!40000 ALTER TABLE `escuelas` ENABLE KEYS */;
UNLOCK TABLES;

--
-- Table structure for table `master_ab`
--

DROP TABLE IF EXISTS `master_ab`;
/*!40101 SET @saved_cs_client     = @@character_set_client */;
/*!40101 SET character_set_client = utf8 */;
CREATE TABLE `master_ab` (
  `ID_Usuario` int(11) NOT NULL,
  `ID_Beca` int(11) NOT NULL,
  KEY `ID_Usuario_idx` (`ID_Usuario`),
  KEY `ID_Becas_idx` (`ID_Beca`),
  CONSTRAINT `ID_Beca` FOREIGN KEY (`ID_Beca`) REFERENCES `becas` (`ID_Beca`) ON DELETE CASCADE ON UPDATE CASCADE,
  CONSTRAINT `ID_Usuario` FOREIGN KEY (`ID_Usuario`) REFERENCES `usuarios` (`ID_Usuario`) ON DELETE CASCADE ON UPDATE CASCADE
) ENGINE=InnoDB DEFAULT CHARSET=utf8;
/*!40101 SET character_set_client = @saved_cs_client */;

--
-- Dumping data for table `master_ab`
--

LOCK TABLES `master_ab` WRITE;
/*!40000 ALTER TABLE `master_ab` DISABLE KEYS */;
/*!40000 ALTER TABLE `master_ab` ENABLE KEYS */;
UNLOCK TABLES;

--
-- Table structure for table `organizaciones`
--

DROP TABLE IF EXISTS `organizaciones`;
/*!40101 SET @saved_cs_client     = @@character_set_client */;
/*!40101 SET character_set_client = utf8 */;
CREATE TABLE `organizaciones` (
  `ID_Organizacion` int(11) NOT NULL AUTO_INCREMENT,
  `Nombre_Organizacion` varchar(100) NOT NULL,
  PRIMARY KEY (`ID_Organizacion`)
) ENGINE=InnoDB AUTO_INCREMENT=7 DEFAULT CHARSET=utf8;
/*!40101 SET character_set_client = @saved_cs_client */;

--
-- Dumping data for table `organizaciones`
--

LOCK TABLES `organizaciones` WRITE;
/*!40000 ALTER TABLE `organizaciones` DISABLE KEYS */;
INSERT INTO `organizaciones` VALUES (1,'Banco de México\r'),(2,'COMEXUS\r'),(3,'Fundación Beca\r'),(4,'MOB\r'),(5,'PROBEMEX\r'),(6,'Sin Organizacion');
/*!40000 ALTER TABLE `organizaciones` ENABLE KEYS */;
UNLOCK TABLES;

--
-- Table structure for table `paises`
--

DROP TABLE IF EXISTS `paises`;
/*!40101 SET @saved_cs_client     = @@character_set_client */;
/*!40101 SET character_set_client = utf8 */;
CREATE TABLE `paises` (
  `ID_Pais` varchar(10) NOT NULL,
  `Nombre_Pais` varchar(50) NOT NULL,
  PRIMARY KEY (`ID_Pais`),
  UNIQUE KEY `ID_Pais_UNIQUE` (`ID_Pais`)
) ENGINE=InnoDB DEFAULT CHARSET=utf8;
/*!40101 SET character_set_client = @saved_cs_client */;

--
-- Dumping data for table `paises`
--

LOCK TABLES `paises` WRITE;
/*!40000 ALTER TABLE `paises` DISABLE KEYS */;
INSERT INTO `paises` VALUES ('ES','España\r'),('FR','Francia\r'),('HR','Croacia\r'),('MX','México\r'),('NL','Holanda\r'),('﻿DE','Alemania\r');
/*!40000 ALTER TABLE `paises` ENABLE KEYS */;
UNLOCK TABLES;

--
-- Table structure for table `preferencias_usuarios`
--

DROP TABLE IF EXISTS `preferencias_usuarios`;
/*!40101 SET @saved_cs_client     = @@character_set_client */;
/*!40101 SET character_set_client = utf8 */;
CREATE TABLE `preferencias_usuarios` (
  `ID_Usuario` int(11) NOT NULL,
  `ID_Carrera` int(11) NOT NULL,
  KEY `ID_Usuario_idx` (`ID_Usuario`),
  KEY `ID_Carrera_idx` (`ID_Carrera`),
  CONSTRAINT `ID_Carreras` FOREIGN KEY (`ID_Carrera`) REFERENCES `carreras` (`ID_Carrera`) ON DELETE NO ACTION ON UPDATE CASCADE,
  CONSTRAINT `ID_Usuarios` FOREIGN KEY (`ID_Usuario`) REFERENCES `usuarios` (`ID_Usuario`) ON DELETE NO ACTION ON UPDATE CASCADE
) ENGINE=InnoDB DEFAULT CHARSET=utf8;
/*!40101 SET character_set_client = @saved_cs_client */;

--
-- Dumping data for table `preferencias_usuarios`
--

LOCK TABLES `preferencias_usuarios` WRITE;
/*!40000 ALTER TABLE `preferencias_usuarios` DISABLE KEYS */;
/*!40000 ALTER TABLE `preferencias_usuarios` ENABLE KEYS */;
UNLOCK TABLES;

--
-- Table structure for table `usuarios`
--

DROP TABLE IF EXISTS `usuarios`;
/*!40101 SET @saved_cs_client     = @@character_set_client */;
/*!40101 SET character_set_client = utf8 */;
CREATE TABLE `usuarios` (
  `ID_Usuario` int(11) NOT NULL AUTO_INCREMENT,
  `Nombre_Usuario` varchar(80) DEFAULT NULL,
  `Apellidos_Usuario` varchar(150) DEFAULT NULL,
  `Mail_Usuario` varchar(255) DEFAULT NULL,
  `Pwd_Usuario` varchar(255) NOT NULL,
  `Fecha_Nacimiento` date DEFAULT NULL,
  `Pais` varchar(100) DEFAULT NULL,
  `Ciudad` varchar(100) DEFAULT NULL,
  `Estudia` tinyint(1) DEFAULT NULL,
  `Grado` varchar(200) DEFAULT NULL,
  `Escuela` varchar(100) DEFAULT NULL,
  `Promedio_Actual` varchar(5) DEFAULT NULL,
  `Nombre_Prepa` varchar(100) DEFAULT NULL,
  `Ciudad_Prepa` varchar(50) DEFAULT NULL,
  `Promedio_Prepa` varchar(5) DEFAULT NULL,
  `Nombre_Secundaria` varchar(100) DEFAULT NULL,
  `Ciudad_Secundaria` varchar(50) DEFAULT NULL,
  `Promedio_Secundaria` varchar(5) DEFAULT NULL,
  `Telefono_contacto` varchar(100) DEFAULT NULL,
  PRIMARY KEY (`ID_Usuario`,`Pwd_Usuario`)
) ENGINE=InnoDB AUTO_INCREMENT=38 DEFAULT CHARSET=utf8;
/*!40101 SET character_set_client = @saved_cs_client */;

--
-- Dumping data for table `usuarios`
--

LOCK TABLES `usuarios` WRITE;
/*!40000 ALTER TABLE `usuarios` DISABLE KEYS */;
/*!40000 ALTER TABLE `usuarios` ENABLE KEYS */;
UNLOCK TABLES;
/*!40103 SET TIME_ZONE=@OLD_TIME_ZONE */;

/*!40101 SET SQL_MODE=@OLD_SQL_MODE */;
/*!40014 SET FOREIGN_KEY_CHECKS=@OLD_FOREIGN_KEY_CHECKS */;
/*!40014 SET UNIQUE_CHECKS=@OLD_UNIQUE_CHECKS */;
/*!40101 SET CHARACTER_SET_CLIENT=@OLD_CHARACTER_SET_CLIENT */;
/*!40101 SET CHARACTER_SET_RESULTS=@OLD_CHARACTER_SET_RESULTS */;
/*!40101 SET COLLATION_CONNECTION=@OLD_COLLATION_CONNECTION */;
/*!40111 SET SQL_NOTES=@OLD_SQL_NOTES */;

-- Dump completed on 2017-01-29 22:43:25
